{
    "parent": "block/block",
	"textures": {
        "particle": "block/cauldron_inner",
		"0": "block/cauldron_inner",
        "1": "block/red_concrete",
        "2": "block/white_concrete"
    },
    "elements": [
        {
            "name": "Base",
            "from": [ 5.0, 0.0, 3.0 ], 
            "to": [ 11.0, 3.0, 13.0 ], 
            "faces": {
                "north": { "texture": "#0", "uv": [ 5.0, 5.0, 11.0, 8.0 ] },
                "east": { "texture": "#0", "uv": [ 3.0, 5.0, 13.0, 8.0 ] },
                "south": { "texture": "#0", "uv": [ 5.0, 5.0, 11.0, 8.0 ] },
                "west": { "texture": "#0", "uv": [ 3.0, 5.0, 13.0, 8.0 ] },
                "up": { "texture": "#1", "uv": [ 5.0, 3.0, 11.0, 13.0 ] },
                "down": { "texture": "#0", "uv": [ 5.0, 3.0, 11.0, 13.0 ] }
            }
        },
        {
            "name": "Arête1",
            "from": [ 5.0, 3.0, 3.0 ], 
            "to": [ 11.0, 4.0, 4.0 ], 
            "faces": {
                "north": { "texture": "#0", "uv": [ 5.0, 5.0, 11.0, 6.0 ] },
                "east": { "texture": "#0", "uv": [ 9.0, 6.0, 10.0, 7.0 ] },
                "south": { "texture": "#0", "uv": [ 5.0, 6.0, 11.0, 7.0 ] },
                "west": { "texture": "#0", "uv": [ 8.0, 6.0, 9.0, 7.0 ] },
                "up": { "texture": "#0", "uv": [ 5.0, 6.0, 11.0, 7.0 ] },
                "down": { "texture": "#0", "uv": [ 5.0, 6.0, 11.0, 7.0 ] }
            }
        },
        {
            "name": "Arête2",
            "from": [ 5.0, 3.0, 4.0 ], 
            "to": [ 6.0, 4.0, 13.0 ], 
            "faces": {
                "east": { "texture": "#0", "uv": [ 2.0, 6.0, 14.0, 8.0 ] },
                "south": { "texture": "#0", "uv": [ 8.0, 7.0, 9.0, 8.0 ] },
                "west": { "texture": "#0", "uv": [ 3.0, 6.0, 12.0, 7.0 ] },
                "up": { "texture": "#0", "uv": [ 8.0, 3.0, 9.0, 12.0 ] }
            }
        },
        {
            "name": "Arête3",
            "from": [ 10.0, 3.0, 4.0 ], 
            "to": [ 11.0, 4.0, 13.0 ], 
            "faces": {
                "east": { "texture": "#0", "uv": [ 4.0, 6.0, 13.0, 7.0 ] },
                "south": { "texture": "#0", "uv": [ 8.0, 6.0, 9.0, 7.0 ] },
                "west": { "texture": "#0", "uv": [ 4.0, 5.0, 13.0, 6.0 ] },
                "up": { "texture": "#0", "uv": [ 8.0, 3.0, 9.0, 12.0 ] },
                "down": { "texture": "#0", "uv": [ 8.0, 3.0, 9.0, 12.0 ] }
            }
        },
        {
            "name": "Arête4",
            "from": [ 6.0, 3.0, 12.0 ], 
            "to": [ 10.0, 4.0, 13.0 ], 
            "faces": {
                "north": { "texture": "#0", "uv": [ 6.0, 6.0, 10.0, 7.0 ] },
                "south": { "texture": "#0", "uv": [ 6.0, 5.0, 10.0, 6.0 ] },
                "up": { "texture": "#0", "uv": [ 5.0, 7.0, 9.0, 8.0 ] },
                "down": { "texture": "#0", "uv": [ 6.0, 8.0, 10.0, 9.0 ] }
            }
        },
        {
            "name": "Milieu",
            "from": [ 7.0, 3.0, 4.0 ], 
            "to": [ 9.0, 4.0, 12.0 ], 
            "faces": {
                "east": { "texture": "#0", "uv": [ 3.0, 6.0, 11.0, 7.0 ] },
                "west": { "texture": "#0", "uv": [ 4.0, 6.0, 12.0, 7.0 ] },
                "up": { "texture": "#0", "uv": [ 8.0, 5.0, 10.0, 13.0 ] },
                "down": { "texture": "#0", "uv": [ 8.0, 4.0, 10.0, 12.0 ] }
            }
        },
        {
            "name": "Manche1",
            "from": [ 6.0, 4.0, 4.0 ], 
            "to": [ 7.0, 12.0, 5.0 ], 
            "rotation": { "origin": [ 6.5, 8.0, 8.0 ], "axis": "x", "angle": -45.0 },
            "faces": {
                "north": { "texture": "#2", "uv": [ 0.0, 0.0, 1.0, 6.0 ] },
                "east": { "texture": "#2", "uv": [ 0.0, 0.0, 1.0, 8.0 ] },
                "south": { "texture": "#2", "uv": [ 0.0, 0.0, 1.0, 8.0 ] },
                "west": { "texture": "#2", "uv": [ 0.0, 0.0, 1.0, 8.0 ] },
                "up": { "texture": "#2", "uv": [ 0.0, 0.0, 1.0, 1.0 ] },
                "down": { "texture": "#2", "uv": [ 0.0, 0.0, 1.0, 1.0 ] }
            }
        },
        {
            "name": "Manche2",
            "from": [ 9.0, 4.0, 4.0 ], 
            "to": [ 10.0, 12.0, 5.0 ], 
            "rotation": { "origin": [ 8.0, 8.0, 8.0 ], "axis": "x", "angle": -45.0 },
            "faces": {
                "north": { "texture": "#2", "uv": [ 0.0, 0.0, 1.0, 8.0 ] },
                "east": { "texture": "#2", "uv": [ 0.0, 0.0, 1.0, 8.0 ] },
                "south": { "texture": "#2", "uv": [ 0.0, 0.0, 1.0, 8.0 ] },
                "west": { "texture": "#2", "uv": [ 0.0, 0.0, 1.0, 8.0 ] },
                "up": { "texture": "#2", "uv": [ 0.0, 0.0, 1.0, 1.0 ] },
                "down": { "texture": "#2", "uv": [ 0.0, 0.0, 1.0, 1.0 ] }
            }
        },
        {
            "name": "Poignée",
            "from": [ 5.0, 12.0, 4.0 ], 
            "to": [ 11.0, 13.0, 5.0 ], 
            "rotation": { "origin": [ 8.0, 8.0, 8.0 ], "axis": "x", "angle": -45.0 },
            "faces": {
                "north": { "texture": "#1", "uv": [ 0.0, 0.0, 6.0, 1.0 ] },
                "east": { "texture": "#1", "uv": [ 0.0, 0.0, 1.0, 1.0 ] },
                "south": { "texture": "#1", "uv": [ 0.0, 0.0, 6.0, 1.0 ] },
                "west": { "texture": "#1", "uv": [ 0.0, 0.0, 1.0, 1.0 ] },
                "up": { "texture": "#1", "uv": [ 0.0, 0.0, 6.0, 1.0 ] },
                "down": { "texture": "#1", "uv": [ 0.0, 0.0, 6.0, 1.0 ] }
            }
        }
    ]
}