{
    "parent": "block/thin_block",
	"__comment": "Model generated using MrCrayfish's Model Creator (http://mrcrayfish.com/modelcreator/)",
    "textures": {
        "particle": "block/cauldron_inner",
		"0": "block/cauldron_inner",
        "1": "block/white_concrete",
        "2": "block/daylight_detector_top",
        "3": "block/red_concrete"
    },
    "elements": [
        {
            "name": "Base",
            "from": [ 0.0, 0.0, 0.0 ], 
            "to": [ 16.0, 0.5, 16.0 ], 
            "faces": {
                "north": { "texture": "#0", "uv": [ 5.0, 7.0, 11.0, 7.5 ] },
                "east": { "texture": "#0", "uv": [ 6.0, 7.0, 12.0, 7.5 ] },
                "south": { "texture": "#0", "uv": [ 5.0, 8.0, 11.0, 8.5 ] },
                "west": { "texture": "#0", "uv": [ 5.0, 7.0, 11.0, 7.5 ] },
                "up": { "texture": "#0", "uv": [ 5.0, 5.0, 11.0, 11.0 ] },
                "down": { "texture": "#0", "uv": [ 5.0, 5.0, 11.0, 11.0 ] }
            }
        },
        {
            "name": "Pilier1",
            "from": [ 6.5, 0.5, 6.5 ], 
            "to": [ 9.5, 4.5, 9.5 ], 
            "faces": {
                "north": { "texture": "#0", "uv": [ 6.0, 7.0, 9.0, 11.0 ] },
                "east": { "texture": "#0", "uv": [ 7.0, 7.0, 10.0, 11.0 ] },
                "south": { "texture": "#0", "uv": [ 7.0, 7.0, 10.0, 11.0 ] },
                "west": { "texture": "#0", "uv": [ 7.0, 7.0, 10.0, 11.0 ] },
                "up": { "texture": "#-1", "uv": [ 7.0, 7.0, 10.0, 10.0 ] },
                "down": { "texture": "#0", "uv": [ 7.0, 6.0, 10.0, 9.0 ] }
            }
        },
        {
            "name": "Panneau1",
            "from": [ 0.5, 4.5, 0.5 ], 
            "to": [ 15.5, 5.0, 15.5 ], 
            "faces": {
                "north": { "texture": "#1", "uv": [ 0.0, 0.0, 15.0, 0.5 ] },
                "east": { "texture": "#1", "uv": [ 0.0, 0.0, 15.0, 0.5 ] },
                "south": { "texture": "#1", "uv": [ 0.0, 0.0, 15.0, 0.5 ] },
                "west": { "texture": "#1", "uv": [ 0.0, 0.0, 15.0, 0.5 ] },
                "up": { "texture": "#1", "uv": [ 0.0, 0.0, 16.0, 16.0 ] },
                "down": { "texture": "#1", "uv": [ 0.0, 0.0, 16.0, 16.0 ] }
            }
        },
        {
            "name": "Panneau3",
            "from": [ 0.5, 5.3, 0.5 ], 
            "to": [ 15.5, 5.8, 15.5 ], 
            "faces": {
                "north": { "texture": "#1", "uv": [ 0.0, 0.0, 15.0, 0.5 ] },
                "east": { "texture": "#1", "uv": [ 0.0, 0.0, 15.0, 0.5 ] },
                "south": { "texture": "#1", "uv": [ 0.0, 0.0, 15.0, 0.5 ] },
                "west": { "texture": "#1", "uv": [ 0.0, 0.0, 15.0, 0.5 ] },
                "up": { "texture": "#2", "uv": [ 0.0, 0.0, 16.0, 16.0 ] },
                "down": { "texture": "#1", "uv": [ 0.0, 0.0, 16.0, 16.0 ] }
            }
        },
        {
            "name": "Panneau2",
            "from": [ 1.0, 5.0, 1.0 ], 
            "to": [ 15.0, 5.3, 15.0 ], 
            "faces": {
                "north": { "texture": "#0", "uv": [ 1.0, 8.0, 15.0, 8.3 ] },
                "east": { "texture": "#0", "uv": [ 1.0, 7.0, 15.0, 7.3 ] },
                "south": { "texture": "#0", "uv": [ 1.0, 8.0, 15.0, 8.3 ] },
                "west": { "texture": "#0", "uv": [ 1.0, 8.0, 15.0, 8.3 ] },
                "up": { "texture": "#0", "uv": [ 1.0, 1.0, 15.0, 15.0 ] },
                "down": { "texture": "#0", "uv": [ 1.0, 1.0, 15.0, 15.0 ] }
            }
        },
        {
            "name": "Arete1",
            "from": [ 0.5, 5.7, 0.5 ], 
            "to": [ 15.5, 5.9, 0.7 ], 
            "faces": {
                "north": { "texture": "#1", "uv": [ 0.0, 0.0, 15.0, 0.2 ] },
                "east": { "texture": "#1", "uv": [ 0.0, 0.0, 0.2, 0.2 ] },
                "south": { "texture": "#1", "uv": [ 0.0, 0.0, 15.0, 0.2 ] },
                "west": { "texture": "#1", "uv": [ 0.0, 0.0, 0.2, 0.2 ] },
                "up": { "texture": "#1", "uv": [ 0.0, 0.0, 15.0, 0.2 ] },
                "down": { "texture": "#1", "uv": [ 0.0, 0.0, 15.0, 0.2 ] }
            }
        },
        {
            "name": "Arete2",
            "from": [ 0.5, 5.7, 3.5 ], 
            "to": [ 15.5, 5.9, 3.7 ], 
            "faces": {
                "north": { "texture": "#1", "uv": [ 0.0, 0.0, 15.0, 0.2 ] },
                "east": { "texture": "#1", "uv": [ 0.0, 0.0, 0.2, 0.2 ] },
                "south": { "texture": "#1", "uv": [ 0.0, 0.0, 15.0, 0.2 ] },
                "west": { "texture": "#1", "uv": [ 0.0, 0.0, 0.2, 0.2 ] },
                "up": { "texture": "#1", "uv": [ 0.0, 0.0, 15.0, 0.2 ] },
                "down": { "texture": "#1", "uv": [ 0.0, 0.0, 15.0, 0.2 ] }
            }
        },
        {
            "name": "Arete3",
            "from": [ 0.5, 5.7, 7.9 ], 
            "to": [ 15.5, 5.9, 8.1 ], 
            "faces": {
                "north": { "texture": "#1", "uv": [ 0.0, 0.0, 15.0, 0.2 ] },
                "east": { "texture": "#1", "uv": [ 0.0, 0.0, 0.2, 0.2 ] },
                "south": { "texture": "#1", "uv": [ 0.0, 0.0, 15.0, 0.2 ] },
                "west": { "texture": "#1", "uv": [ 0.0, 0.0, 0.2, 0.2 ] },
                "up": { "texture": "#1", "uv": [ 0.0, 0.0, 15.0, 0.2 ] },
                "down": { "texture": "#1", "uv": [ 0.0, 0.0, 15.0, 0.2 ] }
            }
        },
        {
            "name": "Arete4",
            "from": [ 0.5, 5.7, 15.3 ], 
            "to": [ 15.5, 5.9, 15.5 ], 
            "faces": {
                "north": { "texture": "#1", "uv": [ 0.0, 0.0, 15.0, 0.2 ] },
                "east": { "texture": "#1", "uv": [ 0.0, 0.0, 0.2, 0.2 ] },
                "south": { "texture": "#1", "uv": [ 0.0, 0.0, 15.0, 0.2 ] },
                "west": { "texture": "#1", "uv": [ 0.0, 0.0, 0.2, 0.2 ] },
                "up": { "texture": "#1", "uv": [ 0.0, 0.0, 15.0, 0.2 ] },
                "down": { "texture": "#1", "uv": [ 0.0, 0.0, 15.0, 0.2 ] }
            }
        },
        {
            "name": "Arete5",
            "from": [ 0.5, 5.7, 12.3 ], 
            "to": [ 15.5, 5.9, 12.5 ], 
            "faces": {
                "north": { "texture": "#1", "uv": [ 0.0, 0.0, 15.0, 0.2 ] },
                "east": { "texture": "#1", "uv": [ 0.0, 0.0, 0.2, 0.2 ] },
                "south": { "texture": "#1", "uv": [ 0.0, 0.0, 15.0, 0.2 ] },
                "west": { "texture": "#1", "uv": [ 0.0, 0.0, 0.2, 0.2 ] },
                "up": { "texture": "#1", "uv": [ 0.0, 0.0, 15.0, 0.2 ] },
                "down": { "texture": "#1", "uv": [ 0.0, 0.0, 15.0, 0.2 ] }
            }
        },
        {
            "name": "Arete6",
            "from": [ 0.5, 5.7, 0.7 ], 
            "to": [ 0.7, 5.9, 15.5 ], 
            "faces": {
                "north": { "texture": "#1", "uv": [ 0.0, 0.0, 0.2, 0.2 ] },
                "east": { "texture": "#1", "uv": [ 0.0, 0.0, 14.8, 0.2 ] },
                "south": { "texture": "#1", "uv": [ 0.0, 0.0, 0.2, 0.2 ] },
                "west": { "texture": "#1", "uv": [ 0.0, 0.0, 14.8, 0.2 ] },
                "up": { "texture": "#1", "uv": [ 0.0, 0.0, 0.2, 14.8 ] },
                "down": { "texture": "#1", "uv": [ 0.0, 0.0, 0.2, 14.8 ] }
            }
        },
        {
            "name": "Arete7",
            "from": [ 3.5, 5.7, 0.7 ], 
            "to": [ 3.7, 5.9, 15.5 ], 
            "faces": {
                "north": { "texture": "#1", "uv": [ 0.0, 0.0, 0.2, 0.2 ] },
                "east": { "texture": "#1", "uv": [ 0.0, 0.0, 14.8, 0.2 ] },
                "south": { "texture": "#1", "uv": [ 0.0, 0.0, 0.2, 0.2 ] },
                "west": { "texture": "#1", "uv": [ 0.0, 0.0, 14.8, 0.2 ] },
                "up": { "texture": "#1", "uv": [ 0.0, 0.0, 0.2, 14.8 ] },
                "down": { "texture": "#1", "uv": [ 0.0, 0.0, 0.2, 14.8 ] }
            }
        },
        {
            "name": "Arete8",
            "from": [ 7.9, 5.7, 0.7000000000000002 ], 
            "to": [ 8.1, 5.9, 15.5 ], 
            "faces": {
                "north": { "texture": "#1", "uv": [ 0.0, 0.0, 0.2, 0.2 ] },
                "east": { "texture": "#1", "uv": [ 0.0, 0.0, 14.8, 0.2 ] },
                "south": { "texture": "#1", "uv": [ 0.0, 0.0, 0.2, 0.2 ] },
                "west": { "texture": "#1", "uv": [ 0.0, 0.0, 14.8, 0.2 ] },
                "up": { "texture": "#1", "uv": [ 0.0, 0.0, 0.2, 14.8 ] },
                "down": { "texture": "#1", "uv": [ 0.0, 0.0, 0.2, 14.8 ] }
            }
        },
        {
            "name": "Arete9",
            "from": [ 15.3, 5.7, 0.7000000000000002 ], 
            "to": [ 15.5, 5.9, 15.5 ], 
            "faces": {
                "north": { "texture": "#1", "uv": [ 0.0, 0.0, 0.2, 0.2 ] },
                "east": { "texture": "#1", "uv": [ 0.0, 0.0, 14.8, 0.2 ] },
                "south": { "texture": "#1", "uv": [ 0.0, 0.0, 0.2, 0.2 ] },
                "west": { "texture": "#1", "uv": [ 0.0, 0.0, 14.8, 0.2 ] },
                "up": { "texture": "#1", "uv": [ 0.0, 0.0, 0.2, 14.8 ] },
                "down": { "texture": "#1", "uv": [ 0.0, 0.0, 0.2, 14.8 ] }
            }
        },
        {
            "name": "Arete10",
            "from": [ 12.3, 5.7, 0.7000000000000002 ], 
            "to": [ 12.5, 5.9, 15.5 ], 
            "faces": {
                "north": { "texture": "#1", "uv": [ 0.0, 0.0, 0.2, 0.2 ] },
                "east": { "texture": "#1", "uv": [ 0.0, 0.0, 14.8, 0.2 ] },
                "south": { "texture": "#1", "uv": [ 0.0, 0.0, 0.2, 0.2 ] },
                "west": { "texture": "#1", "uv": [ 0.0, 0.0, 14.8, 0.2 ] },
                "up": { "texture": "#1", "uv": [ 0.0, 0.0, 0.2, 14.8 ] },
                "down": { "texture": "#1", "uv": [ 0.0, 0.0, 0.2, 14.8 ] }
            }
        },
        {
            "name": "Fil1",
            "from": [ 6.2, 0.5, 7.0 ], 
            "to": [ 6.5, 4.5, 7.3 ], 
            "faces": {
                "north": { "texture": "#3", "uv": [ 0.0, 0.0, 0.3, 4.0 ] },
                "east": { "texture": "#3", "uv": [ 0.0, 0.0, 0.3, 4.0 ] },
                "south": { "texture": "#3", "uv": [ 0.0, 0.0, 0.3, 4.0 ] },
                "west": { "texture": "#3", "uv": [ 0.0, 0.0, 0.3, 4.0 ] },
                "up": { "texture": "#3", "uv": [ 0.0, 0.0, 0.3, 0.3 ] },
                "down": { "texture": "#3", "uv": [ 0.0, 0.0, 0.3, 0.3 ] }
            }
        },
        {
            "name": "Fil2",
            "from": [ 6.2, 0.5, 7.6 ], 
            "to": [ 6.5, 4.5, 7.8999999999999995 ], 
            "faces": {
                "north": { "texture": "#3", "uv": [ 0.0, 0.0, 0.3, 4.0 ] },
                "east": { "texture": "#3", "uv": [ 0.0, 0.0, 0.3, 4.0 ] },
                "south": { "texture": "#3", "uv": [ 0.0, 0.0, 0.3, 4.0 ] },
                "west": { "texture": "#3", "uv": [ 0.0, 0.0, 0.3, 4.0 ] },
                "up": { "texture": "#3", "uv": [ 0.0, 0.0, 0.3, 0.3 ] },
                "down": { "texture": "#3", "uv": [ 0.0, 0.0, 0.3, 0.3 ] }
            }
        },
        {
            "name": "Fil3",
            "from": [ 9.5, 0.5, 8.7 ], 
            "to": [ 9.8, 4.5, 9.0 ], 
            "faces": {
                "north": { "texture": "#3", "uv": [ 0.0, 0.0, 0.3, 4.0 ] },
                "east": { "texture": "#3", "uv": [ 0.0, 0.0, 0.3, 4.0 ] },
                "south": { "texture": "#3", "uv": [ 0.0, 0.0, 0.3, 4.0 ] },
                "west": { "texture": "#3", "uv": [ 0.0, 0.0, 0.3, 4.0 ] },
                "up": { "texture": "#3", "uv": [ 0.0, 0.0, 0.3, 0.3 ] },
                "down": { "texture": "#3", "uv": [ 0.0, 0.0, 0.3, 0.3 ] }
            }
        },
        {
            "name": "Fil4",
            "from": [ 9.5, 0.5, 8.1 ], 
            "to": [ 9.8, 4.5, 8.4 ], 
            "faces": {
                "north": { "texture": "#3", "uv": [ 0.0, 0.0, 0.3, 4.0 ] },
                "east": { "texture": "#3", "uv": [ 0.0, 0.0, 0.3, 4.0 ] },
                "south": { "texture": "#3", "uv": [ 0.0, 0.0, 0.3, 4.0 ] },
                "west": { "texture": "#3", "uv": [ 0.0, 0.0, 0.3, 4.0 ] },
                "up": { "texture": "#3", "uv": [ 0.0, 0.0, 0.3, 0.3 ] },
                "down": { "texture": "#3", "uv": [ 0.0, 0.0, 0.3, 0.3 ] }
            }
        },
        {
            "name": "Base2",
            "from": [ 7.0, 0.5, 3.0 ], 
            "to": [ 9.0, 2.0, 7.0 ], 
            "faces": {
                "north": { "texture": "#0", "uv": [ 7.0, 7.0, 9.0, 8.5 ] },
                "east": { "texture": "#0", "uv": [ 6.0, 6.0, 10.0, 7.5 ] },
                "south": { "texture": "#0", "uv": [ 7.0, 7.0, 9.0, 8.5 ] },
                "west": { "texture": "#0", "uv": [ 6.0, 6.0, 10.0, 7.5 ] },
                "up": { "texture": "#0", "uv": [ 7.0, 6.0, 9.0, 10.0 ] },
                "down": { "texture": "#0", "uv": [ 7.0, 6.0, 9.0, 10.0 ] }
            }
        },
        {
            "name": "Base3",
            "from": [ 7.0, 0.5, 9.0 ], 
            "to": [ 9.0, 2.0, 13.0 ], 
            "faces": {
                "north": { "texture": "#0", "uv": [ 7.0, 7.0, 9.0, 8.5 ] },
                "east": { "texture": "#0", "uv": [ 6.0, 6.0, 10.0, 7.5 ] },
                "south": { "texture": "#0", "uv": [ 7.0, 7.0, 9.0, 8.5 ] },
                "west": { "texture": "#0", "uv": [ 6.0, 6.0, 10.0, 7.5 ] },
                "up": { "texture": "#0", "uv": [ 7.0, 6.0, 9.0, 10.0 ] },
                "down": { "texture": "#0", "uv": [ 7.0, 6.0, 9.0, 10.0 ] }
            }
        },
        {
            "name": "Support1",
            "from": [ 2.0, 0.5, 2.0 ], 
            "to": [ 3.0, 5.0, 3.0 ], 
            "faces": {
                "north": { "texture": "#1", "uv": [ 0.0, 0.0, 1.0, 5.0 ] },
                "east": { "texture": "#1", "uv": [ 0.0, 0.0, 1.0, 5.0 ] },
                "south": { "texture": "#1", "uv": [ 0.0, 0.0, 1.0, 5.0 ] },
                "west": { "texture": "#1", "uv": [ 0.0, 0.0, 1.0, 5.0 ] },
                "up": { "texture": "#1", "uv": [ 0.0, 0.0, 1.0, 1.0 ] },
                "down": { "texture": "#1", "uv": [ 0.0, 0.0, 1.0, 1.0 ] }
            }
        },
        {
            "name": "Support2",
            "from": [ 2.0, 0.5, 13.0 ], 
            "to": [ 3.0, 5.0, 14.0 ], 
            "faces": {
                "north": { "texture": "#1", "uv": [ 0.0, 0.0, 1.0, 5.0 ] },
                "east": { "texture": "#1", "uv": [ 0.0, 0.0, 1.0, 5.0 ] },
                "south": { "texture": "#1", "uv": [ 0.0, 0.0, 1.0, 5.0 ] },
                "west": { "texture": "#1", "uv": [ 0.0, 0.0, 1.0, 5.0 ] },
                "up": { "texture": "#1", "uv": [ 0.0, 0.0, 1.0, 1.0 ] },
                "down": { "texture": "#1", "uv": [ 0.0, 0.0, 1.0, 1.0 ] }
            }
        },
        {
            "name": "Support3",
            "from": [ 13.0, 0.5, 13.0 ], 
            "to": [ 14.0, 5.0, 14.0 ], 
            "faces": {
                "north": { "texture": "#1", "uv": [ 0.0, 0.0, 1.0, 5.0 ] },
                "east": { "texture": "#1", "uv": [ 0.0, 0.0, 1.0, 5.0 ] },
                "south": { "texture": "#1", "uv": [ 0.0, 0.0, 1.0, 5.0 ] },
                "west": { "texture": "#1", "uv": [ 0.0, 0.0, 1.0, 5.0 ] },
                "up": { "texture": "#1", "uv": [ 0.0, 0.0, 1.0, 1.0 ] },
                "down": { "texture": "#1", "uv": [ 0.0, 0.0, 1.0, 1.0 ] }
            }
        },
        {
            "name": "Support4",
            "from": [ 13.0, 0.5, 2.0 ], 
            "to": [ 14.0, 5.0, 3.0 ], 
            "faces": {
                "north": { "texture": "#1", "uv": [ 0.0, 0.0, 1.0, 5.0 ] },
                "east": { "texture": "#1", "uv": [ 0.0, 0.0, 1.0, 5.0 ] },
                "south": { "texture": "#1", "uv": [ 0.0, 0.0, 1.0, 5.0 ] },
                "west": { "texture": "#1", "uv": [ 0.0, 0.0, 1.0, 5.0 ] },
                "up": { "texture": "#1", "uv": [ 0.0, 0.0, 1.0, 1.0 ] },
                "down": { "texture": "#1", "uv": [ 0.0, 0.0, 1.0, 1.0 ] }
            }
        }
    ]
}