{
"ambientocclusion": false,
    "textures": {
        "particle": "block/detector_rail_on",
        "0": "block/anvil",
        "1": "block/iron_block",
        "2": "block/oak_planks",
        "3": "block/smooth_stone",
        "4": "block/detector_rail_on"
    },
    "elements": [
        {
            "from": [ 3.0, 9.0, -3.3000000044703484 ], 
            "to": [ 4.0, 9.699999995529652, 19.30000000447035 ], 
            "rotation": { "origin": [ 8.0, 9.0, 8.0 ], "axis": "x", "angle": 45.0 },
            "faces": {
                "north": { "texture": "#0", "uv": [ 0.0, 0.0, 1.0, 0.6999999955296516 ] },
                "east": { "texture": "#0", "uv": [ 0.0, 0.0, 16.0, 0.6999999955296516 ] },
                "south": { "texture": "#0", "uv": [ 0.0, 0.0, 1.0, 0.6999999955296516 ] },
                "west": { "texture": "#0", "uv": [ 0.0, 0.0, 16.0, 0.6999999955296516 ] },
                "up": { "texture": "#0", "uv": [ 0.0, 0.0, 1.0, 16.0 ] },
                "down": { "texture": "#0", "uv": [ 0.0, 0.0, 1.0, 16.0 ] }
            }
        },
        {
            "from": [ 2.0, 9.0, -3.3000000044703484 ], 
            "to": [ 3.0, 10.0, 19.30000000447035 ], 
            "rotation": { "origin": [ 8.0, 9.0, 8.0 ], "axis": "x", "angle": 45.0 },
            "faces": {
                "north": { "texture": "#1", "uv": [ 0.0, 0.0, 1.0, 1.0 ] },
                "east": { "texture": "#1", "uv": [ 0.0, 0.0, 16.0, 1.0 ] },
                "south": { "texture": "#1", "uv": [ 0.0, 0.0, 1.0, 1.0 ] },
                "west": { "texture": "#1", "uv": [ 0.0, 0.0, 16.0, 1.0 ] },
                "up": { "texture": "#1", "uv": [ 0.0, 0.0, 1.0, 16.0 ] },
                "down": { "texture": "#1", "uv": [ 0.0, 0.0, 1.0, 16.0 ] }
            }
        },
        {
            "from": [ 12.0, 9.0, -3.299999989569187 ], 
            "to": [ 13.0, 9.699999995529652, 19.30000001937151 ], 
            "rotation": { "origin": [ 8.0, 9.0, 8.0 ], "axis": "x", "angle": 45.0 },
            "faces": {
                "north": { "texture": "#0", "uv": [ 0.0, 0.0, 1.0, 0.6999999955296516 ] },
                "east": { "texture": "#0", "uv": [ 0.0, 0.0, 16.0, 0.6999999955296516 ] },
                "south": { "texture": "#0", "uv": [ 0.0, 0.0, 1.0, 0.6999999955296516 ] },
                "west": { "texture": "#0", "uv": [ 0.0, 0.0, 16.0, 0.6999999955296516 ] },
                "up": { "texture": "#0", "uv": [ 0.0, 0.0, 1.0, 16.0 ] },
                "down": { "texture": "#0", "uv": [ 0.0, 0.0, 1.0, 16.0 ] }
            }
        },
        {
            "from": [ 13.0, 9.0, -3.3000000044703484 ], 
            "to": [ 14.0, 10.0, 19.30000000447035 ], 
            "rotation": { "origin": [ 8.0, 9.0, 8.0 ], "axis": "x", "angle": 45.0 },
            "faces": {
                "north": { "texture": "#1", "uv": [ 0.0, 0.0, 1.0, 1.0 ] },
                "east": { "texture": "#1", "uv": [ 0.0, 0.0, 16.0, 1.0 ] },
                "south": { "texture": "#1", "uv": [ 0.0, 0.0, 1.0, 1.0 ] },
                "west": { "texture": "#1", "uv": [ 0.0, 0.0, 16.0, 1.0 ] },
                "up": { "texture": "#1", "uv": [ 0.0, 0.0, 1.0, 16.0 ] },
                "down": { "texture": "#1", "uv": [ 0.0, 0.0, 1.0, 16.0 ] }
            }
        },
        {
            "from": [ 1.0, 8.0, 0.5999999940395355 ], 
            "to": [ 15.0, 9.0, 2.5999999940395355 ], 
            "rotation": { "origin": [ 8.0, 9.0, 8.0 ], "axis": "x", "angle": 45.0 },
            "faces": {
                "north": { "texture": "#2", "uv": [ 0.0, 0.0, 14.0, 1.0 ] },
                "east": { "texture": "#2", "uv": [ 0.0, 0.0, 2.0, 1.0 ] },
                "south": { "texture": "#2", "uv": [ 0.0, 0.0, 14.0, 1.0 ] },
                "west": { "texture": "#2", "uv": [ 0.0, 0.0, 2.0, 1.0 ] },
                "up": { "texture": "#2", "uv": [ 2.0, 0.0, 16.0, 2.0 ] },
                "down": { "texture": "#2", "uv": [ 0.0, 4.0, 14.0, 6.0 ] }
            }
        },
        {
            "from": [ 1.0, 8.0, 13.50000000745058 ], 
            "to": [ 15.0, 9.0, 15.50000000745058 ], 
            "rotation": { "origin": [ 8.0, 9.0, 8.0 ], "axis": "x", "angle": 45.0 },
            "faces": {
                "north": { "texture": "#2", "uv": [ 0.0, 0.0, 14.0, 1.0 ] },
                "east": { "texture": "#2", "uv": [ 0.0, 0.0, 2.0, 1.0 ] },
                "south": { "texture": "#2", "uv": [ 0.0, 0.0, 14.0, 1.0 ] },
                "west": { "texture": "#2", "uv": [ 0.0, 0.0, 2.0, 1.0 ] },
                "up": { "texture": "#2", "uv": [ 1.0, 0.0, 15.0, 2.0 ] },
                "down": { "texture": "#2", "uv": [ 0.0, 4.0, 14.0, 6.0 ] }
            }
        },
        {
            "from": [ 1.0, 8.0, 3.6999999955296516 ], 
            "to": [ 15.0, 9.0, 5.699999995529652 ], 
            "rotation": { "origin": [ 8.0, 9.0, 8.0 ], "axis": "x", "angle": 45.0 },
            "faces": {
                "north": { "texture": "#2", "uv": [ 0.0, 0.0, 14.0, 1.0 ] },
                "east": { "texture": "#2", "uv": [ 0.0, 0.0, 2.0, 1.0 ] },
                "south": { "texture": "#2", "uv": [ 0.0, 0.0, 14.0, 1.0 ] },
                "west": { "texture": "#2", "uv": [ 0.0, 0.0, 2.0, 1.0 ] },
                "up": { "texture": "#2", "uv": [ 0.0, 4.0, 14.0, 6.0 ] },
                "down": { "texture": "#2", "uv": [ 0.0, 4.0, 14.0, 6.0 ] }
            }
        },
        {
            "from": [ 1.0, 8.0, 10.299999989569187 ], 
            "to": [ 15.0, 9.0, 12.299999989569187 ], 
            "rotation": { "origin": [ 8.0, 9.0, 8.0 ], "axis": "x", "angle": 45.0 },
            "faces": {
                "north": { "texture": "#2", "uv": [ 0.0, 0.0, 14.0, 1.0 ] },
                "east": { "texture": "#2", "uv": [ 0.0, 0.0, 2.0, 1.0 ] },
                "south": { "texture": "#2", "uv": [ 0.0, 0.0, 14.0, 1.0 ] },
                "west": { "texture": "#2", "uv": [ 0.0, 0.0, 2.0, 1.0 ] },
                "up": { "texture": "#2", "uv": [ 0.0, 4.0, 14.0, 6.0 ] },
                "down": { "texture": "#2", "uv": [ 0.0, 4.0, 14.0, 6.0 ] }
            }
        },
        {
            "from": [ 1.0, 8.0, 7.0 ], 
            "to": [ 15.0, 9.0, 9.0 ], 
            "rotation": { "origin": [ 8.0, 9.0, 8.0 ], "axis": "x", "angle": 45.0 },
            "faces": {
                "north": { "texture": "#2", "uv": [ 0.0, 0.0, 14.0, 1.0 ] },
                "east": { "texture": "#2", "uv": [ 0.0, 0.0, 2.0, 1.0 ] },
                "south": { "texture": "#2", "uv": [ 0.0, 0.0, 14.0, 1.0 ] },
                "west": { "texture": "#2", "uv": [ 0.0, 0.0, 2.0, 1.0 ] },
                "up": { "texture": "#2", "uv": [ 0.0, 0.0, 14.0, 2.0 ] },
                "down": { "texture": "#2", "uv": [ 0.0, 4.0, 14.0, 6.0 ] }
            }
        },
        {
            "from": [ 1.0, 8.0, -2.3000000044703484 ], 
            "to": [ 15.0, 9.0, -0.30000000447034836 ], 
            "rotation": { "origin": [ 8.0, 9.0, 8.0 ], "axis": "x", "angle": 45.0 },
            "faces": {
                "north": { "texture": "#2", "uv": [ 0.0, 0.0, 14.0, 1.0 ] },
                "east": { "texture": "#2", "uv": [ 0.0, 0.0, 2.0, 1.0 ] },
                "south": { "texture": "#2", "uv": [ 0.0, 0.0, 14.0, 1.0 ] },
                "west": { "texture": "#2", "uv": [ 0.0, 0.0, 2.0, 1.0 ] },
                "up": { "texture": "#2", "uv": [ 0.0, 0.0, 14.0, 2.0 ] },
                "down": { "texture": "#2", "uv": [ 0.0, 4.0, 14.0, 6.0 ] }
            }
        },
        {
            "from": [ 1.0, 8.0, 16.700000010430813 ], 
            "to": [ 15.0, 9.0, 18.700000010430813 ], 
            "rotation": { "origin": [ 8.0, 9.0, 8.0 ], "axis": "x", "angle": 45.0 },
            "faces": {
                "north": { "texture": "#2", "uv": [ 0.0, 0.0, 14.0, 1.0 ] },
                "east": { "texture": "#2", "uv": [ 0.0, 0.0, 2.0, 1.0 ] },
                "south": { "texture": "#2", "uv": [ 0.0, 0.0, 14.0, 1.0 ] },
                "west": { "texture": "#2", "uv": [ 0.0, 0.0, 2.0, 1.0 ] },
                "up": { "texture": "#2", "uv": [ 0.0, 0.0, 14.0, 2.0 ] },
                "down": { "texture": "#2", "uv": [ 0.0, 4.0, 14.0, 6.0 ] }
            }
        },
        {
            "from": [ 7.0, 8.200000002980232, 5.600000008940697 ], 
            "to": [ 9.0, 8.899999998509884, 7.000000014901161 ], 
            "rotation": { "origin": [ 8.0, 9.0, 8.0 ], "axis": "x", "angle": 45.0 },
            "faces": {
                "north": { "texture": "#3", "uv": [ 1.0, 1.0, 15.0, 14.699999995529652 ] },
                "east": { "texture": "#3", "uv": [ 1.0, 1.0, 14.400000005960464, 14.699999995529652 ] },
                "south": { "texture": "#3", "uv": [ 1.0, 1.0, 15.0, 14.699999995529652 ] },
                "west": { "texture": "#3", "uv": [ 1.0, 1.0, 15.400000005960464, 14.699999995529652 ] },
                "up": { "texture": "#3", "uv": [ 0.0, 1.0, 16.0, 14.400000005960464 ] },
                "down": { "texture": "#3", "uv": [ 0.0, 1.0, 16.0, 14.400000005960464 ] }
            }
        },
        {
            "from": [ 7.0, 8.200000002980232, 8.999999985098839 ], 
            "to": [ 9.0, 8.899999998509884, 10.399999991059303 ], 
            "rotation": { "origin": [ 8.0, 9.0, 8.0 ], "axis": "x", "angle": 45.0 },
            "faces": {
                "north": { "texture": "#3", "uv": [ 1.0, 1.0, 15.0, 14.699999995529652 ] },
                "east": { "texture": "#3", "uv": [ 1.0, 1.0, 14.400000005960464, 14.699999995529652 ] },
                "south": { "texture": "#3", "uv": [ 1.0, 1.0, 15.0, 14.699999995529652 ] },
                "west": { "texture": "#3", "uv": [ 1.0, 1.0, 14.400000005960464, 14.699999995529652 ] },
                "up": { "texture": "#3", "uv": [ 0.0, 1.0, 16.0, 15.400000005960464 ] },
                "down": { "texture": "#3", "uv": [ 0.0, 1.0, 16.0, 14.400000005960464 ] }
            }
        },
        {
            "from": [ 9.300000004470348, 9.0, 6.0 ], 
            "to": [ 10.0, 10.0, 10.0 ], 
            "rotation": { "origin": [ 8.0, 9.0, 8.0 ], "axis": "x", "angle": 45.0 },
            "faces": {
                "north": { "texture": "#4", "uv": [ 5.0, 7.0, 6.0, 8.0 ] },
                "east": { "texture": "#4", "uv": [ 6.0, 5.0, 10.0, 6.0 ] },
                "south": { "texture": "#4", "uv": [ 5.0, 6.0, 6.0, 7.0 ] },
                "west": { "texture": "#4", "uv": [ 5.0, 6.0, 9.0, 5.0 ] },
                "up": { "texture": "#4", "uv": [ 5.0, 5.0, 6.0, 9.0 ] },
                "down": { "texture": "#4", "uv": [ 5.0, 5.0, 6.0, 9.0 ] }
            }
        },
        {
            "from": [ 6.0, 9.0, 6.0 ], 
            "to": [ 6.699999995529652, 10.0, 10.0 ], 
            "rotation": { "origin": [ 8.0, 9.0, 8.0 ], "axis": "x", "angle": 45.0 },
            "faces": {
                "north": { "texture": "#4", "uv": [ 5.0, 6.0, 6.0, 7.0 ] },
                "east": { "texture": "#4", "uv": [ 5.0, 5.0, 9.0, 6.0 ] },
                "south": { "texture": "#4", "uv": [ 5.0, 6.0, 6.0, 7.0 ] },
                "west": { "texture": "#4", "uv": [ 5.0, 5.0, 9.0, 6.0 ] },
                "up": { "texture": "#4", "uv": [ 5.0, 5.0, 6.0, 9.0 ] },
                "down": { "texture": "#4", "uv": [ 5.0, 5.0, 6.0, 9.0 ] }
            }
        },
        {
            "from": [ 6.699999995529652, 9.0, 6.0 ], 
            "to": [ 9.300000004470348, 10.0, 6.699999995529652 ], 
            "rotation": { "origin": [ 8.0, 9.0, 8.0 ], "axis": "x", "angle": 45.0 },
            "faces": {
                "north": { "texture": "#4", "uv": [ 7.0, 5.0, 9.0, 6.0 ] },
                "east": { "texture": "#4", "uv": [ 5.0, 6.0, 6.0, 7.0 ] },
                "south": { "texture": "#4", "uv": [ 9.0, 10.0, 11.0, 11.0 ] },
                "west": { "texture": "#4", "uv": [ 5.0, 6.0, 6.0, 7.0 ] },
                "up": { "texture": "#4", "uv": [ 9.0, 10.0, 11.0, 11.0 ] },
                "down": { "texture": "#4", "uv": [ 0.0, 0.0, 2.0, 1.0 ] }
            }
        },
        {
            "from": [ 6.699999995529652, 9.0, 9.300000004470348 ], 
            "to": [ 9.300000004470348, 10.0, 10.0 ], 
            "rotation": { "origin": [ 8.0, 9.0, 8.0 ], "axis": "x", "angle": 45.0 },
            "faces": {
                "north": { "texture": "#4", "uv": [ 7.0, 5.0, 9.0, 6.0 ] },
                "east": { "texture": "#4", "uv": [ 7.0, 5.0, 8.0, 6.0 ] },
                "south": { "texture": "#4", "uv": [ 6.0, 5.0, 8.0, 6.0 ] },
                "west": { "texture": "#4", "uv": [ 0.0, 0.0, 1.0, 1.0 ] },
                "up": { "texture": "#4", "uv": [ 6.0, 5.0, 8.0, 6.0 ] },
                "down": { "texture": "#4", "uv": [ 7.0, 5.0, 9.0, 6.0 ] }
            }
        },
        {
            "from": [ 6.699999995529652, 9.0, 6.699999995529652 ], 
            "to": [ 9.300000004470348, 9.599999994039536, 9.300000004470348 ], 
            "rotation": { "origin": [ 8.0, 9.0, 8.0 ], "axis": "x", "angle": 45.0 },
            "faces": {
                "north": { "texture": "#4", "uv": [ 7.0, 6.0, 9.0, 6.5999999940395355 ] },
                "east": { "texture": "#4", "uv": [ 7.0, 6.0, 9.0, 6.5999999940395355 ] },
                "south": { "texture": "#4", "uv": [ 7.0, 6.0, 9.0, 6.5999999940395355 ] },
                "west": { "texture": "#4", "uv": [ 7.0, 6.0, 9.0, 6.5999999940395355 ] },
                "up": { "texture": "#4", "uv": [ 6.0, 6.0, 10.0, 10.0 ] },
                "down": { "texture": "#4", "uv": [ 6.0, 6.0, 10.0, 10.0 ] }
            }
        }
    ]
}