{
"ambientocclusion": false,
    "textures": {
        "particle": "block/detector_rail_on",
        "0": "block/anvil",
        "1": "block/iron_block",
        "2": "block/oak_planks",
        "3": "block/smooth_stone",
        "4": "block/detector_rail_on"
    },
    "elements": [
        {
            "name": "rail inner1",
            "from": [ 3.0, 1.0, 0.0 ], 
            "to": [ 4.0, 1.6999999955296516, 16.0 ], 
            "faces": {
                "north": { "texture": "#0", "uv": [ 0.0, 0.0, 1.0, 0.6999999955296516 ] },
                "east": { "texture": "#0", "uv": [ 0.0, 0.0, 16.0, 0.6999999955296516 ] },
                "south": { "texture": "#0", "uv": [ 0.0, 0.0, 1.0, 0.6999999955296516 ] },
                "west": { "texture": "#0", "uv": [ 0.0, 0.0, 16.0, 0.6999999955296516 ] },
                "up": { "texture": "#0", "uv": [ 0.0, 0.0, 1.0, 16.0 ] },
                "down": { "texture": "#0", "uv": [ 0.0, 0.0, 1.0, 16.0 ] }
            }
        },
        {
            "name": "rail outer1",
            "from": [ 2.0, 1.0, 0.0 ], 
            "to": [ 3.0, 2.0, 16.0 ], 
            "faces": {
                "north": { "texture": "#1", "uv": [ 0.0, 0.0, 1.0, 1.0 ] },
                "east": { "texture": "#1", "uv": [ 0.0, 0.0, 16.0, 1.0 ] },
                "south": { "texture": "#1", "uv": [ 0.0, 0.0, 1.0, 1.0 ] },
                "west": { "texture": "#1", "uv": [ 0.0, 0.0, 16.0, 1.0 ] },
                "up": { "texture": "#1", "uv": [ 0.0, 0.0, 1.0, 16.0 ] },
                "down": { "texture": "#1", "uv": [ 0.0, 0.0, 1.0, 16.0 ] }
            }
        },
        {
            "name": "rail inner2",
            "from": [ 12.0, 1.0, 0.0 ], 
            "to": [ 13.0, 1.6999999955296516, 16.0 ], 
            "faces": {
                "north": { "texture": "#0", "uv": [ 0.0, 0.0, 1.0, 0.6999999955296516 ] },
                "east": { "texture": "#0", "uv": [ 0.0, 0.0, 16.0, 0.6999999955296516 ] },
                "south": { "texture": "#0", "uv": [ 0.0, 0.0, 1.0, 0.6999999955296516 ] },
                "west": { "texture": "#0", "uv": [ 0.0, 0.0, 16.0, 0.6999999955296516 ] },
                "up": { "texture": "#0", "uv": [ 0.0, 0.0, 1.0, 16.0 ] },
                "down": { "texture": "#0", "uv": [ 0.0, 0.0, 1.0, 16.0 ] }
            }
        },
        {
            "name": "rail outer2",
            "from": [ 13.0, 1.0, 0.0 ], 
            "to": [ 14.0, 2.0, 16.0 ], 
            "faces": {
                "north": { "texture": "#1", "uv": [ 0.0, 0.0, 1.0, 1.0 ] },
                "east": { "texture": "#1", "uv": [ 0.0, 0.0, 16.0, 1.0 ] },
                "south": { "texture": "#1", "uv": [ 0.0, 0.0, 1.0, 1.0 ] },
                "west": { "texture": "#1", "uv": [ 0.0, 0.0, 16.0, 1.0 ] },
                "up": { "texture": "#1", "uv": [ 0.0, 0.0, 1.0, 16.0 ] },
                "down": { "texture": "#1", "uv": [ 0.0, 0.0, 1.0, 16.0 ] }
            }
        },
        {
            "name": "woodn",
            "from": [ 1.0, 0.0, 0.4999999925494194 ], 
            "to": [ 15.0, 1.0, 2.4999999925494194 ], 
            "faces": {
                "north": { "texture": "#2", "uv": [ 0.0, 0.0, 14.0, 1.0 ] },
                "east": { "texture": "#2", "uv": [ 0.0, 0.0, 2.0, 1.0 ] },
                "south": { "texture": "#2", "uv": [ 0.0, 0.0, 14.0, 1.0 ] },
                "west": { "texture": "#2", "uv": [ 0.0, 0.0, 2.0, 1.0 ] },
                "up": { "texture": "#2", "uv": [ 2.0, 0.0, 16.0, 2.0 ] },
                "down": { "texture": "#2", "uv": [ 0.0, 4.0, 14.0, 6.0 ] }
            }
        },
        {
            "name": "woods",
            "from": [ 1.0, 0.0, 13.50000000745058 ], 
            "to": [ 15.0, 1.0, 15.50000000745058 ], 
            "faces": {
                "north": { "texture": "#2", "uv": [ 0.0, 0.0, 14.0, 1.0 ] },
                "east": { "texture": "#2", "uv": [ 0.0, 0.0, 2.0, 1.0 ] },
                "south": { "texture": "#2", "uv": [ 0.0, 0.0, 14.0, 1.0 ] },
                "west": { "texture": "#2", "uv": [ 0.0, 0.0, 2.0, 1.0 ] },
                "up": { "texture": "#2", "uv": [ 2.0, 0.0, 16.0, 2.0 ] },
                "down": { "texture": "#2", "uv": [ 0.0, 4.0, 14.0, 6.0 ] }
            }
        },
        {
            "name": "wood1",
            "from": [ 1.0, 0.0, 3.5999999940395355 ], 
            "to": [ 15.0, 1.0, 5.5999999940395355 ], 
            "faces": {
                "north": { "texture": "#2", "uv": [ 0.0, 0.0, 14.0, 1.0 ] },
                "east": { "texture": "#2", "uv": [ 0.0, 0.0, 2.0, 1.0 ] },
                "south": { "texture": "#2", "uv": [ 0.0, 0.0, 14.0, 1.0 ] },
                "west": { "texture": "#2", "uv": [ 0.0, 0.0, 2.0, 1.0 ] },
                "up": { "texture": "#2", "uv": [ 0.0, 4.0, 14.0, 6.0 ] },
                "down": { "texture": "#2", "uv": [ 0.0, 4.0, 14.0, 6.0 ] }
            }
        },
        {
            "name": "wood2",
            "from": [ 1.0, 0.0, 10.399999991059303 ], 
            "to": [ 15.0, 1.0, 12.399999991059303 ], 
            "faces": {
                "north": { "texture": "#2", "uv": [ 0.0, 0.0, 14.0, 1.0 ] },
                "east": { "texture": "#2", "uv": [ 0.0, 0.0, 2.0, 1.0 ] },
                "south": { "texture": "#2", "uv": [ 0.0, 0.0, 14.0, 1.0 ] },
                "west": { "texture": "#2", "uv": [ 0.0, 0.0, 2.0, 1.0 ] },
                "up": { "texture": "#2", "uv": [ 0.0, 4.0, 14.0, 6.0 ] },
                "down": { "texture": "#2", "uv": [ 0.0, 4.0, 14.0, 6.0 ] }
            }
        },
        {
            "name": "Cwood",
            "from": [ 1.0, 0.0, 7.0 ], 
            "to": [ 15.0, 1.0, 9.0 ], 
            "faces": {
                "north": { "texture": "#2", "uv": [ 0.0, 0.0, 14.0, 1.0 ] },
                "east": { "texture": "#2", "uv": [ 0.0, 0.0, 2.0, 1.0 ] },
                "south": { "texture": "#2", "uv": [ 0.0, 0.0, 14.0, 1.0 ] },
                "west": { "texture": "#2", "uv": [ 0.0, 0.0, 2.0, 1.0 ] },
                "up": { "texture": "#2", "uv": [ 0.0, 9.0, 14.0, 11.0 ] },
                "down": { "texture": "#2", "uv": [ 0.0, 4.0, 14.0, 6.0 ] }
            }
        },
        {
            "name": "Cslab",
            "from": [ 7.0, 0.20000000298023224, 5.600000008940697 ], 
            "to": [ 9.0, 0.8999999985098839, 7.000000014901161 ], 
            "faces": {
                "north": { "texture": "#3", "uv": [ 1.0, 1.0, 15.0, 14.699999995529652 ] },
                "east": { "texture": "#3", "uv": [ 1.0, 1.0, 14.400000005960464, 14.699999995529652 ] },
                "south": { "texture": "#3", "uv": [ 1.0, 1.0, 15.0, 14.699999995529652 ] },
                "west": { "texture": "#3", "uv": [ 1.0, 1.0, 15.400000005960464, 14.699999995529652 ] },
                "up": { "texture": "#3", "uv": [ 0.0, 1.0, 16.0, 14.400000005960464 ] },
                "down": { "texture": "#3", "uv": [ 0.0, 1.0, 16.0, 14.400000005960464 ] }
            }
        },
        {
            "name": "Cslab",
            "from": [ 7.0, 0.20000000298023224, 8.999999985098839 ], 
            "to": [ 9.0, 0.8999999985098839, 10.399999991059303 ], 
            "faces": {
                "north": { "texture": "#3", "uv": [ 1.0, 1.0, 15.0, 14.699999995529652 ] },
                "east": { "texture": "#3", "uv": [ 1.0, 1.0, 14.400000005960464, 14.699999995529652 ] },
                "south": { "texture": "#3", "uv": [ 1.0, 1.0, 15.0, 14.699999995529652 ] },
                "west": { "texture": "#3", "uv": [ 1.0, 1.0, 14.400000005960464, 14.699999995529652 ] },
                "up": { "texture": "#3", "uv": [ 0.0, 1.0, 16.0, 15.400000005960464 ] },
                "down": { "texture": "#3", "uv": [ 0.0, 1.0, 16.0, 14.400000005960464 ] }
            }
        },
        {
            "name": "Cside1",
            "from": [ 9.300000004470348, 1.0, 6.0 ], 
            "to": [ 10.0, 2.0, 10.0 ], 
            "faces": {
                "north": { "texture": "#4", "uv": [ 5.0, 7.0, 6.0, 8.0 ] },
                "east": { "texture": "#4", "uv": [ 6.0, 5.0, 10.0, 6.0 ] },
                "south": { "texture": "#4", "uv": [ 5.0, 6.0, 6.0, 7.0 ] },
                "west": { "texture": "#4", "uv": [ 5.0, 6.0, 9.0, 5.0 ] },
                "up": { "texture": "#4", "uv": [ 5.0, 5.0, 6.0, 9.0 ] },
                "down": { "texture": "#4", "uv": [ 5.0, 5.0, 6.0, 9.0 ] }
            }
        },
        {
            "name": "Cside2",
            "from": [ 6.0, 1.0, 6.0 ], 
            "to": [ 6.699999995529652, 2.0, 10.0 ], 
            "faces": {
                "north": { "texture": "#4", "uv": [ 5.0, 6.0, 6.0, 7.0 ] },
                "east": { "texture": "#4", "uv": [ 5.0, 5.0, 9.0, 6.0 ] },
                "south": { "texture": "#4", "uv": [ 5.0, 6.0, 6.0, 7.0 ] },
                "west": { "texture": "#4", "uv": [ 5.0, 5.0, 9.0, 6.0 ] },
                "up": { "texture": "#4", "uv": [ 5.0, 5.0, 6.0, 9.0 ] },
                "down": { "texture": "#4", "uv": [ 5.0, 5.0, 6.0, 9.0 ] }
            }
        },
        {
            "name": "Cside3",
            "from": [ 6.699999995529652, 1.0, 6.0 ], 
            "to": [ 9.300000004470348, 2.0, 6.699999995529652 ], 
            "faces": {
                "north": { "texture": "#4", "uv": [ 7.0, 5.0, 9.0, 6.0 ] },
                "east": { "texture": "#4", "uv": [ 5.0, 6.0, 6.0, 7.0 ] },
                "south": { "texture": "#4", "uv": [ 9.0, 10.0, 11.0, 11.0 ] },
                "west": { "texture": "#4", "uv": [ 5.0, 6.0, 6.0, 7.0 ] },
                "up": { "texture": "#4", "uv": [ 9.0, 10.0, 11.0, 11.0 ] },
                "down": { "texture": "#4", "uv": [ 0.0, 0.0, 2.0, 1.0 ] }
            }
        },
        {
            "name": "Cside4",
            "from": [ 6.699999995529652, 1.0, 9.300000004470348 ], 
            "to": [ 9.300000004470348, 2.0, 10.0 ], 
            "faces": {
                "north": { "texture": "#4", "uv": [ 7.0, 5.0, 9.0, 6.0 ] },
                "east": { "texture": "#4", "uv": [ 7.0, 5.0, 8.0, 6.0 ] },
                "south": { "texture": "#4", "uv": [ 6.0, 5.0, 8.0, 6.0 ] },
                "west": { "texture": "#4", "uv": [ 0.0, 0.0, 1.0, 1.0 ] },
                "up": { "texture": "#4", "uv": [ 6.0, 5.0, 8.0, 6.0 ] },
                "down": { "texture": "#4", "uv": [ 7.0, 5.0, 9.0, 6.0 ] }
            }
        },
        {
            "name": "Cbuttonc",
            "from": [ 6.699999995529652, 1.0, 6.699999995529652 ], 
            "to": [ 9.300000004470348, 1.5999999940395355, 9.300000004470348 ], 
            "faces": {
                "north": { "texture": "#4", "uv": [ 7.0, 6.0, 9.0, 6.5999999940395355 ] },
                "east": { "texture": "#4", "uv": [ 7.0, 6.0, 9.0, 6.5999999940395355 ] },
                "south": { "texture": "#4", "uv": [ 7.0, 6.0, 9.0, 6.5999999940395355 ] },
                "west": { "texture": "#4", "uv": [ 7.0, 6.0, 9.0, 6.5999999940395355 ] },
                "up": { "texture": "#4", "uv": [ 6.0, 6.0, 10.0, 10.0 ] },
                "down": { "texture": "#4", "uv": [ 6.0, 6.0, 10.0, 10.0 ] }
            }
        }
    ]
}