{
    "parent": "block/block",
	"__comment": "Model generated using MrCrayfish's Model Creator (http://mrcrayfish.com/modelcreator/)",
    "textures": {
        "particle": "block/server",
        "0": "block/server",
        "1": "block/fan"
    },
    "elements": [
        {
            "name": "Element",
            "from": [ 14.0, 2.0, 14.0 ], 
            "to": [ 16.0, 14.0, 16.0 ], 
            "faces": {
                "north": { "texture": "#0", "uv": [ 0.0, 2.0, 2.0, 14.0 ] },
                "east": { "texture": "#0", "uv": [ 0.0, 2.0, 2.0, 14.0 ] },
                "south": { "texture": "#0", "uv": [ 14.0, 2.0, 16.0, 14.0 ] },
                "west": { "texture": "#0", "uv": [ 14.0, 2.0, 16.0, 14.0 ] }
            }
        },
        {
            "name": "Element",
            "from": [ 0.0, 2.0, 14.0 ], 
            "to": [ 2.0, 14.0, 16.0 ], 
            "faces": {
                "north": { "texture": "#0", "uv": [ 14.0, 2.0, 16.0, 14.0 ] },
                "east": { "texture": "#0", "uv": [ 0.0, 2.0, 2.0, 14.0 ] },
                "south": { "texture": "#0", "uv": [ 0.0, 2.0, 2.0, 14.0 ] },
                "west": { "texture": "#0", "uv": [ 14.0, 2.0, 16.0, 14.0 ] }
            }
        },
        {
            "name": "Element",
            "from": [ 14.0, 2.0, 0.0 ], 
            "to": [ 16.0, 14.0, 2.0 ], 
            "faces": {
                "north": { "texture": "#0", "uv": [ 0.0, 2.0, 2.0, 14.0 ] },
                "east": { "texture": "#0", "uv": [ 14.0, 2.0, 16.0, 14.0 ] },
                "south": { "texture": "#0", "uv": [ 14.0, 2.0, 16.0, 14.0 ] },
                "west": { "texture": "#0", "uv": [ 0.0, 2.0, 2.0, 14.0 ] }
            }
        },
        {
            "name": "Element",
            "from": [ 0.0, 2.0, 0.0 ], 
            "to": [ 2.0, 14.0, 2.0 ], 
            "faces": {
                "north": { "texture": "#0", "uv": [ 14.0, 2.0, 16.0, 14.0 ] },
                "east": { "texture": "#0", "uv": [ 14.0, 2.0, 16.0, 14.0 ] },
                "south": { "texture": "#0", "uv": [ 0.0, 2.0, 2.0, 14.0 ] },
                "west": { "texture": "#0", "uv": [ 0.0, 2.0, 2.0, 14.0 ] }
            }
        },
        {
            "name": "Element",
            "from": [ 0.0, 0.0, 2.0 ], 
            "to": [ 2.0, 2.0, 14.0 ], 
            "faces": {
                "east": { "texture": "#0", "uv": [ 2.0, 14.0, 14.0, 16.0 ] },
                "west": { "texture": "#0", "uv": [ 2.0, 14.0, 14.0, 16.0 ] },
                "up": { "texture": "#0", "uv": [ 0.0, 2.0, 2.0, 14.0 ] },
                "down": { "texture": "#0", "uv": [ 0.0, 14.0, 2.0, 2.0 ] }
            }
        },
        {
            "name": "Element",
            "from": [ 14.0, 0.0, 2.0 ], 
            "to": [ 16.0, 2.0, 14.0 ], 
            "faces": {
                "east": { "texture": "#0", "uv": [ 2.0, 14.0, 14.0, 16.0 ] },
                "west": { "texture": "#0", "uv": [ 2.0, 14.0, 14.0, 16.0 ] },
                "up": { "texture": "#0", "uv": [ 14.0, 2.0, 16.0, 14.0 ] },
                "down": { "texture": "#0", "uv": [ 14.0, 14.0, 16.0, 2.0 ] }
            }
        },
        {
            "name": "Element",
            "from": [ 0.0, 0.0, 14.0 ], 
            "to": [ 16.0, 2.0, 16.0 ], 
            "faces": {
                "north": { "texture": "#0", "uv": [ 0.0, 14.0, 16.0, 16.0 ] },
                "east": { "texture": "#0", "uv": [ 0.0, 14.0, 2.0, 16.0 ] },
                "south": { "texture": "#0", "uv": [ 0.0, 14.0, 16.0, 16.0 ] },
                "west": { "texture": "#0", "uv": [ 14.0, 14.0, 16.0, 16.0 ] },
                "up": { "texture": "#0", "uv": [ 0.0, 14.0, 16.0, 16.0 ] },
                "down": { "texture": "#0", "uv": [ 0.0, 16.0, 16.0, 14.0 ] }
            }
        },
        {
            "name": "Element",
            "from": [ 0.0, 0.0, 0.0 ], 
            "to": [ 16.0, 2.0, 2.0 ], 
            "faces": {
                "north": { "texture": "#0", "uv": [ 0.0, 14.0, 16.0, 16.0 ] },
                "east": { "texture": "#0", "uv": [ 14.0, 14.0, 16.0, 16.0 ] },
                "south": { "texture": "#0", "uv": [ 0.0, 14.0, 16.0, 16.0 ] },
                "west": { "texture": "#0", "uv": [ 0.0, 14.0, 2.0, 16.0 ] },
                "up": { "texture": "#0", "uv": [ 0.0, 0.0, 16.0, 2.0 ] },
                "down": { "texture": "#0", "uv": [ 0.0, 2.0, 16.0, 0.0 ] }
            }
        },
        {
            "name": "Element",
            "from": [ 14.0, 14.0, 2.0 ], 
            "to": [ 16.0, 16.0, 14.0 ], 
            "faces": {
                "east": { "texture": "#0", "uv": [ 2.0, 0.0, 14.0, 2.0 ] },
                "west": { "texture": "#0", "uv": [ 2.0, 0.0, 14.0, 2.0 ] },
                "up": { "texture": "#0", "uv": [ 14.0, 2.0, 16.0, 14.0 ] },
                "down": { "texture": "#0", "uv": [ 14.0, 14.0, 16.0, 2.0 ] }
            }
        },
        {
            "name": "Element",
            "from": [ 0.0, 14.0, 2.0 ], 
            "to": [ 2.0, 16.0, 14.0 ], 
            "faces": {
                "east": { "texture": "#0", "uv": [ 2.0, 0.0, 14.0, 2.0 ] },
                "west": { "texture": "#0", "uv": [ 2.0, 0.0, 14.0, 2.0 ] },
                "up": { "texture": "#0", "uv": [ 0.0, 2.0, 2.0, 14.0 ] },
                "down": { "texture": "#0", "uv": [ 0.0, 14.0, 2.0, 2.0 ] }
            }
        },
        {
            "name": "Element",
            "from": [ 0.0, 14.0, 14.0 ], 
            "to": [ 16.0, 16.0, 16.0 ], 
            "faces": {
                "north": { "texture": "#0", "uv": [ 0.0, 0.0, 16.0, 2.0 ] },
                "east": { "texture": "#0", "uv": [ 0.0, 0.0, 2.0, 2.0 ] },
                "south": { "texture": "#0", "uv": [ 0.0, 0.0, 16.0, 2.0 ] },
                "west": { "texture": "#0", "uv": [ 14.0, 0.0, 16.0, 2.0 ] },
                "up": { "texture": "#0", "uv": [ 0.0, 14.0, 16.0, 16.0 ] },
                "down": { "texture": "#0", "uv": [ 0.0, 16.0, 16.0, 14.0 ] }
            }
        },
        {
            "name": "Element",
            "from": [ 0.0, 14.0, 0.0 ], 
            "to": [ 16.0, 16.0, 2.0 ], 
            "faces": {
                "north": { "texture": "#0", "uv": [ 0.0, 0.0, 16.0, 2.0 ] },
                "east": { "texture": "#0", "uv": [ 14.0, 0.0, 16.0, 2.0 ] },
                "south": { "texture": "#0", "uv": [ 0.0, 0.0, 16.0, 2.0 ] },
                "west": { "texture": "#0", "uv": [ 0.0, 0.0, 2.0, 2.0 ] },
                "up": { "texture": "#0", "uv": [ 0.0, 0.0, 16.0, 2.0 ] },
                "down": { "texture": "#0", "uv": [ 0.0, 2.0, 16.0, 0.0 ] }
            }
        },
        {
            "name": "Element",
            "from": [ 2.0, 14.0, 2.0 ], 
            "to": [ 14.0, 15.0, 14.0 ], 
            "faces": {
                "up": { "texture": "#1", "uv": [ 2.0, 2.0, 14.0, 14.0 ] },
                "down": { "texture": "#1", "uv": [ 2.0, 14.0, 14.0, 2.0 ] }
            }
        },
        {
            "name": "Element",
            "from": [ 2.0, 1.0, 2.0 ], 
            "to": [ 14.0, 2.0, 14.0 ], 
            "faces": {
                "up": { "texture": "#1", "uv": [ 2.0, 2.0, 14.0, 14.0 ] },
                "down": { "texture": "#1", "uv": [ 2.0, 14.0, 14.0, 2.0 ] }
            }
        },
        {
            "name": "Element",
            "from": [ 14.0, 2.0, 2.0 ], 
            "to": [ 15.0, 14.0, 14.0 ], 
            "faces": {
                "east": { "texture": "#0", "uv": [ 2.0, 2.0, 14.0, 14.0 ] },
                "west": { "texture": "#0", "uv": [ 2.0, 2.0, 14.0, 14.0 ] }
            }
        },
        {
            "name": "Element",
            "from": [ 1.0, 2.0, 2.0 ], 
            "to": [ 2.0, 14.0, 14.0 ], 
            "faces": {
                "east": { "texture": "#0", "uv": [ 2.0, 2.0, 14.0, 14.0 ] },
                "west": { "texture": "#0", "uv": [ 2.0, 2.0, 14.0, 14.0 ] }
            }
        },
        {
            "name": "Element",
            "from": [ 2.0, 2.0, 14.0 ], 
            "to": [ 14.0, 14.0, 15.0 ], 
            "faces": {
                "north": { "texture": "#0", "uv": [ 2.0, 2.0, 14.0, 14.0 ] },
                "south": { "texture": "#0", "uv": [ 2.0, 2.0, 14.0, 14.0 ] }
            }
        },
        {
            "name": "Element",
            "from": [ 2.0, 2.0, 1.0 ], 
            "to": [ 14.0, 14.0, 2.0 ], 
            "faces": {
                "north": { "texture": "#0", "uv": [ 2.0, 2.0, 14.0, 14.0 ] },
                "south": { "texture": "#0", "uv": [ 2.0, 2.0, 14.0, 14.0 ] }
            }
        },
        {
            "name": "Plat1",
            "from": [ 0.5, 4.0, 0.5 ], 
            "to": [ 15.5, 4.5, 15.5 ], 
            "faces": {
                "north": { "texture": "#0", "uv": [ 0.0, 0.0, 15.0, 0.5 ] },
                "east": { "texture": "#0", "uv": [ 0.0, 0.0, 15.0, 0.5 ] },
                "south": { "texture": "#0", "uv": [ 0.0, 0.0, 15.0, 0.5 ] },
                "west": { "texture": "#0", "uv": [ 1.0, 16.0, 15.0, 15.5 ] },
                "up": { "texture": "#0", "uv": [ 2.0, 1.0, 14.0, 0.0 ] },
                "down": { "texture": "#0", "uv": [ 0.0, 0.0, 16.0, 1.0 ] }
            }
        },
        {
            "name": "Plat2",
            "from": [ 0.5, 6.5, 0.5 ], 
            "to": [ 15.5, 7.0, 15.5 ], 
            "faces": {
                "north": { "texture": "#0", "uv": [ 0.0, 0.0, 15.0, 0.5 ] },
                "east": { "texture": "#0", "uv": [ 0.0, 0.0, 15.0, 0.5 ] },
                "south": { "texture": "#0", "uv": [ 0.0, 0.0, 15.0, 0.5 ] },
                "west": { "texture": "#0", "uv": [ 1.0, 16.0, 15.0, 15.5 ] },
                "up": { "texture": "#0", "uv": [ 2.0, 1.0, 14.0, 0.0 ] },
                "down": { "texture": "#0", "uv": [ 0.0, 0.0, 16.0, 1.0 ] }
            }
        },
        {
            "name": "Plat3",
            "from": [ 0.5, 9.0, 0.5 ], 
            "to": [ 15.5, 9.5, 15.5 ], 
            "faces": {
                "north": { "texture": "#0", "uv": [ 0.0, 0.0, 15.0, 0.5 ] },
                "east": { "texture": "#0", "uv": [ 0.0, 0.0, 15.0, 0.5 ] },
                "south": { "texture": "#0", "uv": [ 0.0, 0.0, 15.0, 0.5 ] },
                "west": { "texture": "#0", "uv": [ 1.0, 16.0, 15.0, 15.5 ] },
                "up": { "texture": "#0", "uv": [ 2.0, 1.0, 14.0, 0.0 ] },
                "down": { "texture": "#0", "uv": [ 0.0, 0.0, 16.0, 1.0 ] }
            }
        },
        {
            "name": "Plat4",
            "from": [ 0.5, 11.5, 0.5 ], 
            "to": [ 15.5, 12.0, 15.5 ], 
            "faces": {
                "north": { "texture": "#0", "uv": [ 0.0, 0.0, 15.0, 0.5 ] },
                "east": { "texture": "#0", "uv": [ 0.0, 0.0, 15.0, 0.5 ] },
                "south": { "texture": "#0", "uv": [ 0.0, 0.0, 15.0, 0.5 ] },
                "west": { "texture": "#0", "uv": [ 1.0, 16.0, 15.0, 15.5 ] },
                "up": { "texture": "#0", "uv": [ 2.0, 1.0, 14.0, 0.0 ] },
                "down": { "texture": "#0", "uv": [ 0.0, 0.0, 16.0, 1.0 ] }
            }
        },
        {
            "name": "Arete1",
            "from": [ 0.0, 2.0, 7.5 ], 
            "to": [ 16.0, 14.0, 8.5 ], 
            "faces": {
                "north": { "texture": "#0", "uv": [ 0.0, 2.0, 1.0, 14.0 ] },
                "east": { "texture": "#0", "uv": [ 0.0, 0.0, 1.0, 12.0 ] },
                "south": { "texture": "#0", "uv": [ 0.0, 0.0, 16.0, 12.0 ] },
                "west": { "texture": "#0", "uv": [ 0.0, 0.0, 1.0, 12.0 ] },
                "up": { "texture": "#-1", "uv": [ 0.0, 0.0, 16.0, 1.0 ] },
                "down": { "texture": "#-1", "uv": [ 0.0, 0.0, 16.0, 1.0 ] }
            }
        },
        {
            "name": "Arete2",
            "from": [ 7.5, 2.0, 0.0 ], 
            "to": [ 8.5, 14.0, 16.0 ], 
            "faces": {
                "north": { "texture": "#0", "uv": [ 0.0, 0.0, 1.0, 12.0 ] },
                "east": { "texture": "#0", "uv": [ 0.0, 0.0, 1.0, 12.0 ] },
                "south": { "texture": "#0", "uv": [ 0.0, 0.0, 1.0, 12.0 ] },
                "west": { "texture": "#0", "uv": [ 0.0, 0.0, 1.0, 12.0 ] },
                "up": { "texture": "#-1", "uv": [ 0.0, 0.0, 1.0, 1.0 ] },
                "down": { "texture": "#-1", "uv": [ 0.0, 0.0, 1.0, 1.0 ] }
            }
        }
    ]
}