{
    "__comment": "Model generated using MrCrayfish's Model Creator (http://mrcrayfish.com/modelcreator/)",
    "textures": {
        "particle": "block/cauldron_inner",
		"0": "block/cauldron_inner",
        "1": "block/white_concrete"
    },
    "elements": [
        {
            "name": "Base",
            "from": [ 4.5, 15.0, 4.5 ], 
            "to": [ 11.5, 15.5, 11.5 ], 
            "faces": {
                "north": { "texture": "#0", "uv": [ 3.0, 7.0, 13.0, 8.0 ] },
                "east": { "texture": "#0", "uv": [ 2.0, 7.0, 14.0, 8.0 ] },
                "south": { "texture": "#0", "uv": [ 3.0, 7.0, 13.0, 8.0 ] },
                "west": { "texture": "#0", "uv": [ 2.0, 7.0, 14.0, 8.0 ] },
                "up": { "texture": "#0", "uv": [ 3.0, 2.0, 10.0, 14.0 ] },
                "down": { "texture": "#0", "uv": [ 3.0, 2.0, 13.0, 14.0 ] }
            }
        },
        {
            "name": "Light",
            "from": [ 5.0, 13.5, 5.0 ], 
            "to": [ 11.0, 15.0, 11.0 ], 
            "faces": {
                "north": { "texture": "#1", "uv": [ 0.0, 0.0, 6.0, 3.0 ] },
                "east": { "texture": "#1", "uv": [ 0.0, 0.0, 10.0, 3.0 ] },
                "south": { "texture": "#1", "uv": [ 0.0, 0.0, 6.0, 3.0 ] },
                "west": { "texture": "#1", "uv": [ 0.0, 0.0, 10.0, 3.0 ] },
                "up": { "texture": "#1", "uv": [ 0.0, 0.0, 6.0, 10.0 ] },
                "down": { "texture": "#1", "uv": [ 0.0, 0.0, 6.0, 10.0 ] }
            }
        },
        {
            "name": "Arete1",
            "from": [ 4.9, 13.3, 6.0 ], 
            "to": [ 11.3, 15.0, 6.2 ], 
            "faces": {
                "north": { "texture": "#0", "uv": [ 5.0, 6.0, 12.0, 9.5 ] },
                "east": { "texture": "#0", "uv": [ 8.0, 6.0, 8.5, 9.5 ] },
                "south": { "texture": "#0", "uv": [ 4.0, 6.0, 11.0, 9.5 ] },
                "west": { "texture": "#0", "uv": [ 8.0, 6.0, 8.5, 9.5 ] },
                "up": { "texture": "#0", "uv": [ 5.0, 7.0, 12.0, 7.5 ] },
                "down": { "texture": "#0", "uv": [ 5.0, 7.0, 12.0, 7.5 ] }
            }
        },
        {
            "name": "Base Fine",
            "from": [ 4.0, 15.5, 4.0 ], 
            "to": [ 12.0, 16.0, 12.0 ], 
            "faces": {
                "north": { "texture": "#0", "uv": [ 3.0, 7.0, 13.0, 8.0 ] },
                "east": { "texture": "#0", "uv": [ 2.0, 7.0, 14.0, 8.0 ] },
                "south": { "texture": "#0", "uv": [ 3.0, 7.0, 13.0, 8.0 ] },
                "west": { "texture": "#0", "uv": [ 2.0, 7.0, 14.0, 8.0 ] },
                "up": { "texture": "#0", "uv": [ 3.0, 2.0, 10.0, 14.0 ] },
                "down": { "texture": "#0", "uv": [ 3.0, 2.0, 13.0, 14.0 ] }
            }
        },
        {
            "name": "Arete4",
            "from": [ 5.9, 13.3, 4.8 ], 
            "to": [ 6.1000000000000005, 15.0, 11.2 ], 
            "faces": {
                "north": { "texture": "#0", "uv": [ 5.0, 6.0, 12.0, 9.5 ] },
                "east": { "texture": "#0", "uv": [ 8.0, 6.0, 8.5, 9.5 ] },
                "south": { "texture": "#0", "uv": [ 4.0, 6.0, 11.0, 9.5 ] },
                "west": { "texture": "#0", "uv": [ 8.0, 6.0, 8.5, 9.5 ] },
                "up": { "texture": "#0", "uv": [ 5.0, 7.0, 12.0, 7.5 ] },
                "down": { "texture": "#0", "uv": [ 5.0, 7.0, 12.0, 7.5 ] }
            }
        },
        {
            "name": "Arete2",
            "from": [ 4.8, 13.3, 7.9 ], 
            "to": [ 11.2, 15.0, 8.1 ], 
            "faces": {
                "north": { "texture": "#0", "uv": [ 5.0, 6.0, 12.0, 9.5 ] },
                "east": { "texture": "#0", "uv": [ 8.0, 6.0, 8.5, 9.5 ] },
                "south": { "texture": "#0", "uv": [ 4.0, 6.0, 11.0, 9.5 ] },
                "west": { "texture": "#0", "uv": [ 8.0, 6.0, 8.5, 9.5 ] },
                "up": { "texture": "#0", "uv": [ 5.0, 7.0, 12.0, 7.5 ] },
                "down": { "texture": "#0", "uv": [ 5.0, 7.0, 12.0, 7.5 ] }
            }
        },
        {
            "name": "Arete3",
            "from": [ 4.8, 13.3, 9.9 ], 
            "to": [ 11.2, 15.0, 10.1 ], 
            "faces": {
                "north": { "texture": "#0", "uv": [ 5.0, 6.0, 12.0, 9.5 ] },
                "east": { "texture": "#0", "uv": [ 8.0, 6.0, 8.5, 9.5 ] },
                "south": { "texture": "#0", "uv": [ 4.0, 6.0, 11.0, 9.5 ] },
                "west": { "texture": "#0", "uv": [ 8.0, 6.0, 8.5, 9.5 ] },
                "up": { "texture": "#0", "uv": [ 5.0, 7.0, 12.0, 7.5 ] },
                "down": { "texture": "#0", "uv": [ 5.0, 7.0, 12.0, 7.5 ] }
            }
        },
        {
            "name": "Arete5",
            "from": [ 7.9, 13.3, 4.8 ], 
            "to": [ 8.1, 15.0, 11.2 ], 
            "faces": {
                "north": { "texture": "#0", "uv": [ 5.0, 6.0, 12.0, 9.5 ] },
                "east": { "texture": "#0", "uv": [ 8.0, 6.0, 8.5, 9.5 ] },
                "south": { "texture": "#0", "uv": [ 4.0, 6.0, 11.0, 9.5 ] },
                "west": { "texture": "#0", "uv": [ 8.0, 6.0, 8.5, 9.5 ] },
                "up": { "texture": "#0", "uv": [ 5.0, 7.0, 12.0, 7.5 ] },
                "down": { "texture": "#0", "uv": [ 5.0, 7.0, 12.0, 7.5 ] }
            }
        },
        {
            "name": "Arete6",
            "from": [ 9.9, 13.3, 4.8 ], 
            "to": [ 10.1, 15.0, 11.2 ], 
            "faces": {
                "north": { "texture": "#0", "uv": [ 5.0, 6.0, 12.0, 9.5 ] },
                "east": { "texture": "#0", "uv": [ 8.0, 6.0, 8.5, 9.5 ] },
                "south": { "texture": "#0", "uv": [ 4.0, 6.0, 11.0, 9.5 ] },
                "west": { "texture": "#0", "uv": [ 8.0, 6.0, 8.5, 9.5 ] },
                "up": { "texture": "#0", "uv": [ 5.0, 7.0, 12.0, 7.5 ] },
                "down": { "texture": "#0", "uv": [ 5.0, 7.0, 12.0, 7.5 ] }
            }
        }
    ]
}