{
    "parent": "block/block",
	"__comment": "Model generated using MrCrayfish's Model Creator (http://mrcrayfish.com/modelcreator/)",
    "textures": {
        "particle": "block/cauldron_inner",
		"0": "block/cauldron_inner",
        "1": "block/white_concrete"
    },
    "elements": [
        {
            "name": "Pilier",
            "from": [ 6.0, 0.0, 6.0 ], 
            "to": [ 10.0, 10.5, 10.0 ], 
            "faces": {
                "north": { "texture": "#0", "uv": [ 7.0, 4.0, 11.0, 14.0 ] },
                "east": { "texture": "#0", "uv": [ 7.0, 3.0, 11.0, 13.0 ] },
                "south": { "texture": "#0", "uv": [ 7.0, 4.0, 11.0, 14.0 ] },
                "west": { "texture": "#0", "uv": [ 7.0, 3.0, 11.0, 13.0 ] },
                "up": { "texture": "#0", "uv": [ 7.0, 7.0, 11.0, 11.0 ] },
                "down": { "texture": "#0", "uv": [ 7.0, 7.0, 11.0, 11.0 ] }
            }
        },
        {
            "name": "Lampe",
            "from": [ 6.2, 10.5, 6.2 ], 
            "to": [ 9.8, 15.0, 9.8 ], 
            "faces": {
                "north": { "texture": "#1", "uv": [ 0.0, 0.0, 3.6, 4.5 ] },
                "east": { "texture": "#1", "uv": [ 0.0, 0.0, 3.6, 4.5 ] },
                "south": { "texture": "#1", "uv": [ 0.0, 0.0, 3.6, 4.5 ] },
                "west": { "texture": "#1", "uv": [ 0.0, 0.0, 3.6, 4.5 ] },
                "up": { "texture": "#1", "uv": [ 0.0, 0.0, 3.6, 3.6 ] },
                "down": { "texture": "#1", "uv": [ 0.0, 0.0, 3.6, 3.6 ] }
            }
        },
        {
            "name": "Dessus",
            "from": [ 6.0, 15.0, 6.0 ], 
            "to": [ 10.0, 16.0, 10.0 ], 
            "faces": {
                "north": { "texture": "#0", "uv": [ 7.0, 4.0, 11.0, 5.0 ] },
                "east": { "texture": "#0", "uv": [ 7.0, 5.0, 11.0, 6.0 ] },
                "south": { "texture": "#0", "uv": [ 7.0, 4.0, 11.0, 5.0 ] },
                "west": { "texture": "#0", "uv": [ 7.0, 4.0, 11.0, 5.0 ] },
                "up": { "texture": "#0", "uv": [ 7.0, 7.0, 11.0, 11.0 ] },
                "down": { "texture": "#0", "uv": [ 7.0, 7.0, 11.0, 11.0 ] }
            }
        },
        {
            "name": "Arete1",
            "from": [ 6.0, 12.7, 6.0 ], 
            "to": [ 10.0, 12.899999999999999, 10.0 ], 
            "faces": {
                "north": { "texture": "#0", "uv": [ 7.0, 4.0, 11.0, 4.2 ] },
                "east": { "texture": "#0", "uv": [ 7.0, 5.0, 11.0, 5.2 ] },
                "south": { "texture": "#0", "uv": [ 7.0, 4.0, 11.0, 4.2 ] },
                "west": { "texture": "#0", "uv": [ 7.0, 4.0, 11.0, 4.2 ] },
                "up": { "texture": "#0", "uv": [ 7.0, 7.0, 11.0, 11.0 ] },
                "down": { "texture": "#0", "uv": [ 7.0, 7.0, 11.0, 11.0 ] }
            }
        },
        {
            "name": "Arete2",
            "from": [ 6.0, 11.7, 6.0 ], 
            "to": [ 10.0, 11.899999999999999, 10.0 ], 
            "faces": {
                "north": { "texture": "#0", "uv": [ 7.0, 4.0, 11.0, 4.2 ] },
                "east": { "texture": "#0", "uv": [ 7.0, 5.0, 11.0, 5.2 ] },
                "south": { "texture": "#0", "uv": [ 7.0, 4.0, 11.0, 4.2 ] },
                "west": { "texture": "#0", "uv": [ 7.0, 4.0, 11.0, 4.2 ] },
                "up": { "texture": "#0", "uv": [ 7.0, 7.0, 11.0, 11.0 ] },
                "down": { "texture": "#0", "uv": [ 7.0, 7.0, 11.0, 11.0 ] }
            }
        },
        {
            "name": "Arete3",
            "from": [ 6.0, 13.7, 6.0 ], 
            "to": [ 10.0, 13.899999999999999, 10.0 ], 
            "faces": {
                "north": { "texture": "#0", "uv": [ 7.0, 4.0, 11.0, 4.2 ] },
                "east": { "texture": "#0", "uv": [ 7.0, 5.0, 11.0, 5.2 ] },
                "south": { "texture": "#0", "uv": [ 7.0, 4.0, 11.0, 4.2 ] },
                "west": { "texture": "#0", "uv": [ 7.0, 4.0, 11.0, 4.2 ] },
                "up": { "texture": "#0", "uv": [ 7.0, 7.0, 11.0, 11.0 ] },
                "down": { "texture": "#0", "uv": [ 7.0, 7.0, 11.0, 11.0 ] }
            }
        },
        {
            "name": "Coin1",
            "from": [ 7.5, 0.0, 5.5 ], 
            "to": [ 8.5, 6.0, 6.0 ], 
            "faces": {
                "north": { "texture": "#0", "uv": [ 7.0, 9.0, 8.0, 15.0 ] },
                "east": { "texture": "#0", "uv": [ 8.0, 5.0, 8.5, 11.0 ] },
                "south": { "texture": "#0", "uv": [ 7.0, 5.0, 8.0, 11.0 ] },
                "west": { "texture": "#0", "uv": [ 7.0, 5.0, 7.5, 11.0 ] },
                "up": { "texture": "#0", "uv": [ 8.0, 9.0, 9.0, 9.5 ] },
                "down": { "texture": "#0", "uv": [ 8.0, 8.0, 9.0, 8.5 ] }
            }
        },
        {
            "name": "Coin2",
            "from": [ 7.5, 0.0, 10.0 ], 
            "to": [ 8.5, 6.0, 10.5 ], 
            "faces": {
                "north": { "texture": "#0", "uv": [ 7.0, 9.0, 8.0, 15.0 ] },
                "east": { "texture": "#0", "uv": [ 7.0, 5.0, 7.5, 11.0 ] },
                "south": { "texture": "#0", "uv": [ 7.0, 6.0, 8.0, 12.0 ] },
                "west": { "texture": "#0", "uv": [ 7.0, 6.0, 7.5, 12.0 ] },
                "up": { "texture": "#0", "uv": [ 8.0, 9.0, 9.0, 9.5 ] },
                "down": { "texture": "#0", "uv": [ 8.0, 8.0, 9.0, 8.5 ] }
            }
        },
        {
            "name": "Coin3",
            "from": [ 10.0, 0.0, 7.5 ], 
            "to": [ 10.5, 6.0, 8.5 ], 
            "faces": {
                "north": { "texture": "#0", "uv": [ 7.0, 9.0, 7.5, 15.0 ] },
                "east": { "texture": "#0", "uv": [ 7.0, 5.0, 8.0, 11.0 ] },
                "south": { "texture": "#0", "uv": [ 8.0, 6.0, 8.5, 12.0 ] },
                "west": { "texture": "#0", "uv": [ 7.0, 6.0, 8.0, 12.0 ] },
                "up": { "texture": "#0", "uv": [ 8.0, 8.0, 8.5, 9.0 ] },
                "down": { "texture": "#0", "uv": [ 8.0, 8.0, 8.5, 9.0 ] }
            }
        },
        {
            "name": "Coin4",
            "from": [ 5.5, 0.0, 7.5 ], 
            "to": [ 6.0, 6.0, 8.5 ], 
            "faces": {
                "north": { "texture": "#0", "uv": [ 9.0, 5.0, 9.5, 11.0 ] },
                "east": { "texture": "#0", "uv": [ 7.0, 5.0, 8.0, 11.0 ] },
                "south": { "texture": "#0", "uv": [ 8.0, 6.0, 8.5, 12.0 ] },
                "west": { "texture": "#0", "uv": [ 7.0, 6.0, 8.0, 12.0 ] },
                "up": { "texture": "#0", "uv": [ 8.0, 9.0, 8.5, 10.0 ] },
                "down": { "texture": "#0", "uv": [ 8.0, 8.0, 8.5, 9.0 ] }
            }
        }
    ]
}