{
    "parent": "block/block",
	"__comment": "Model generated using MrCrayfish's Model Creator (http://mrcrayfish.com/modelcreator/)",
    "textures": {
        "particle": "block/oak_planks",
        "0": "block/stripped_oak_log_top",
        "1": "block/oak_planks",
        "2": "block/stripped_oak_log_top"
    },
    "elements": [
        {
            "name": "Element",
            "from": [ 14.0, 2.0, 14.0 ], 
            "to": [ 16.0, 14.0, 16.0 ], 
            "faces": {
                "north": { "texture": "#0", "uv": [ 0.0, 2.0, 2.0, 14.0 ] },
                "east": { "texture": "#0", "uv": [ 0.0, 2.0, 2.0, 14.0 ] },
                "south": { "texture": "#0", "uv": [ 14.0, 2.0, 16.0, 14.0 ] },
                "west": { "texture": "#0", "uv": [ 14.0, 2.0, 16.0, 14.0 ] }
            }
        },
        {
            "name": "Element",
            "from": [ 0.0, 2.0, 14.0 ], 
            "to": [ 2.0, 14.0, 16.0 ], 
            "faces": {
                "north": { "texture": "#0", "uv": [ 14.0, 2.0, 16.0, 14.0 ] },
                "east": { "texture": "#0", "uv": [ 0.0, 2.0, 2.0, 14.0 ] },
                "south": { "texture": "#0", "uv": [ 0.0, 2.0, 2.0, 14.0 ] },
                "west": { "texture": "#0", "uv": [ 14.0, 2.0, 16.0, 14.0 ] }
            }
        },
        {
            "name": "Element",
            "from": [ 14.0, 2.0, 0.0 ], 
            "to": [ 16.0, 14.0, 2.0 ], 
            "faces": {
                "north": { "texture": "#0", "uv": [ 0.0, 2.0, 2.0, 14.0 ] },
                "east": { "texture": "#0", "uv": [ 14.0, 2.0, 16.0, 14.0 ] },
                "south": { "texture": "#0", "uv": [ 14.0, 2.0, 16.0, 14.0 ] },
                "west": { "texture": "#0", "uv": [ 0.0, 2.0, 2.0, 14.0 ] }
            }
        },
        {
            "name": "Element",
            "from": [ 0.0, 2.0, 0.0 ], 
            "to": [ 2.0, 14.0, 2.0 ], 
            "faces": {
                "north": { "texture": "#0", "uv": [ 14.0, 2.0, 16.0, 14.0 ] },
                "east": { "texture": "#0", "uv": [ 14.0, 2.0, 16.0, 14.0 ] },
                "south": { "texture": "#0", "uv": [ 0.0, 2.0, 2.0, 14.0 ] },
                "west": { "texture": "#0", "uv": [ 0.0, 2.0, 2.0, 14.0 ] }
            }
        },
        {
            "name": "Element",
            "from": [ 0.0, 0.0, 2.0 ], 
            "to": [ 2.0, 2.0, 14.0 ], 
            "faces": {
                "east": { "texture": "#0", "uv": [ 2.0, 14.0, 14.0, 16.0 ] },
                "west": { "texture": "#0", "uv": [ 2.0, 14.0, 14.0, 16.0 ] },
                "up": { "texture": "#0", "uv": [ 0.0, 2.0, 2.0, 14.0 ] },
                "down": { "texture": "#0", "uv": [ 0.0, 14.0, 2.0, 2.0 ] }
            }
        },
        {
            "name": "Element",
            "from": [ 14.0, 0.0, 2.0 ], 
            "to": [ 16.0, 2.0, 14.0 ], 
            "faces": {
                "east": { "texture": "#0", "uv": [ 2.0, 14.0, 14.0, 16.0 ] },
                "west": { "texture": "#0", "uv": [ 2.0, 14.0, 14.0, 16.0 ] },
                "up": { "texture": "#0", "uv": [ 14.0, 2.0, 16.0, 14.0 ] },
                "down": { "texture": "#0", "uv": [ 14.0, 14.0, 16.0, 2.0 ] }
            }
        },
        {
            "name": "Element",
            "from": [ 0.0, 0.0, 14.0 ], 
            "to": [ 16.0, 2.0, 16.0 ], 
            "faces": {
                "north": { "texture": "#0", "uv": [ 0.0, 14.0, 16.0, 16.0 ] },
                "east": { "texture": "#0", "uv": [ 0.0, 14.0, 2.0, 16.0 ] },
                "south": { "texture": "#0", "uv": [ 0.0, 14.0, 16.0, 16.0 ] },
                "west": { "texture": "#0", "uv": [ 14.0, 14.0, 16.0, 16.0 ] },
                "up": { "texture": "#0", "uv": [ 0.0, 14.0, 16.0, 16.0 ] },
                "down": { "texture": "#0", "uv": [ 0.0, 16.0, 16.0, 14.0 ] }
            }
        },
        {
            "name": "Element",
            "from": [ 0.0, 0.0, 0.0 ], 
            "to": [ 16.0, 2.0, 2.0 ], 
            "faces": {
                "north": { "texture": "#0", "uv": [ 0.0, 14.0, 16.0, 16.0 ] },
                "east": { "texture": "#0", "uv": [ 14.0, 14.0, 16.0, 16.0 ] },
                "south": { "texture": "#0", "uv": [ 0.0, 14.0, 16.0, 16.0 ] },
                "west": { "texture": "#0", "uv": [ 0.0, 14.0, 2.0, 16.0 ] },
                "up": { "texture": "#0", "uv": [ 0.0, 0.0, 16.0, 2.0 ] },
                "down": { "texture": "#0", "uv": [ 0.0, 2.0, 16.0, 0.0 ] }
            }
        },
        {
            "name": "Element",
            "from": [ 14.0, 14.0, 2.0 ], 
            "to": [ 16.0, 16.0, 14.0 ], 
            "faces": {
                "east": { "texture": "#0", "uv": [ 2.0, 0.0, 14.0, 2.0 ] },
                "west": { "texture": "#0", "uv": [ 2.0, 0.0, 14.0, 2.0 ] },
                "up": { "texture": "#0", "uv": [ 14.0, 2.0, 16.0, 14.0 ] },
                "down": { "texture": "#0", "uv": [ 14.0, 14.0, 16.0, 2.0 ] }
            }
        },
        {
            "name": "Element",
            "from": [ 0.0, 14.0, 2.0 ], 
            "to": [ 2.0, 16.0, 14.0 ], 
            "faces": {
                "east": { "texture": "#0", "uv": [ 2.0, 0.0, 14.0, 2.0 ] },
                "west": { "texture": "#0", "uv": [ 2.0, 0.0, 14.0, 2.0 ] },
                "up": { "texture": "#0", "uv": [ 0.0, 2.0, 2.0, 14.0 ] },
                "down": { "texture": "#0", "uv": [ 0.0, 14.0, 2.0, 2.0 ] }
            }
        },
        {
            "name": "Element",
            "from": [ 0.0, 14.0, 14.0 ], 
            "to": [ 16.0, 16.0, 16.0 ], 
            "faces": {
                "north": { "texture": "#0", "uv": [ 0.0, 0.0, 16.0, 2.0 ] },
                "east": { "texture": "#0", "uv": [ 0.0, 0.0, 2.0, 2.0 ] },
                "south": { "texture": "#0", "uv": [ 0.0, 0.0, 16.0, 2.0 ] },
                "west": { "texture": "#0", "uv": [ 14.0, 0.0, 16.0, 2.0 ] },
                "up": { "texture": "#0", "uv": [ 0.0, 14.0, 16.0, 16.0 ] },
                "down": { "texture": "#0", "uv": [ 0.0, 16.0, 16.0, 14.0 ] }
            }
        },
        {
            "name": "Element",
            "from": [ 0.0, 14.0, 0.0 ], 
            "to": [ 16.0, 16.0, 2.0 ], 
            "faces": {
                "north": { "texture": "#0", "uv": [ 0.0, 0.0, 16.0, 2.0 ] },
                "east": { "texture": "#0", "uv": [ 14.0, 0.0, 16.0, 2.0 ] },
                "south": { "texture": "#0", "uv": [ 0.0, 0.0, 16.0, 2.0 ] },
                "west": { "texture": "#0", "uv": [ 0.0, 0.0, 2.0, 2.0 ] },
                "up": { "texture": "#0", "uv": [ 0.0, 0.0, 16.0, 2.0 ] },
                "down": { "texture": "#0", "uv": [ 0.0, 2.0, 16.0, 0.0 ] }
            }
        },
        {
            "name": "Element",
            "from": [ 2.0, 14.0, 2.0 ], 
            "to": [ 14.0, 15.0, 14.0 ], 
            "faces": {
                "up": { "texture": "#1", "uv": [ 2.0, 2.0, 14.0, 14.0 ] },
                "down": { "texture": "#1", "uv": [ 2.0, 14.0, 14.0, 2.0 ] }
            }
        },
        {
            "name": "Element",
            "from": [ 2.0, 1.0, 2.0 ], 
            "to": [ 14.0, 2.0, 14.0 ], 
            "faces": {
                "up": { "texture": "#1", "uv": [ 2.0, 2.0, 14.0, 14.0 ] },
                "down": { "texture": "#1", "uv": [ 2.0, 14.0, 14.0, 2.0 ] }
            }
        },
        {
            "name": "Element",
            "from": [ 14.0, 2.0, 2.0 ], 
            "to": [ 15.0, 14.0, 14.0 ], 
            "faces": {
                "east": { "texture": "#1", "uv": [ 2.0, 2.0, 14.0, 14.0 ] },
                "west": { "texture": "#1", "uv": [ 2.0, 2.0, 14.0, 14.0 ] }
            }
        },
        {
            "name": "Element",
            "from": [ 1.0, 2.0, 2.0 ], 
            "to": [ 2.0, 14.0, 14.0 ], 
            "faces": {
                "east": { "texture": "#1", "uv": [ 2.0, 2.0, 14.0, 14.0 ] },
                "west": { "texture": "#1", "uv": [ 2.0, 2.0, 14.0, 14.0 ] }
            }
        },
        {
            "name": "Element",
            "from": [ 2.0, 2.0, 14.0 ], 
            "to": [ 14.0, 14.0, 15.0 ], 
            "faces": {
                "north": { "texture": "#1", "uv": [ 2.0, 2.0, 14.0, 14.0 ] },
                "south": { "texture": "#1", "uv": [ 2.0, 2.0, 14.0, 14.0 ] }
            }
        },
        {
            "name": "Element",
            "from": [ 2.0, 2.0, 1.0 ], 
            "to": [ 14.0, 14.0, 2.0 ], 
            "faces": {
                "north": { "texture": "#1", "uv": [ 2.0, 2.0, 14.0, 14.0 ] },
                "south": { "texture": "#1", "uv": [ 2.0, 2.0, 14.0, 14.0 ] }
            }
        },
        {
            "name": "Base1",
            "from": [ 2.0, 7.0, 0.0 ], 
            "to": [ 14.0, 9.0, 16.0 ], 
            "faces": {
                "north": { "texture": "#2", "uv": [ 2.0, 7.0, 14.0, 9.0 ] },
                "east": { "texture": "#-1", "uv": [ 0.0, 0.0, 16.0, 2.0 ] },
                "south": { "texture": "#2", "uv": [ 2.0, 7.0, 14.0, 9.0 ] },
                "west": { "texture": "#-1", "uv": [ 0.0, 0.0, 16.0, 2.0 ] },
                "up": { "texture": "#2", "uv": [ 2.0, 0.0, 14.0, 16.0 ] },
                "down": { "texture": "#2", "uv": [ 2.0, 0.0, 14.0, 16.0 ] }
            }
        },
        {
            "name": "Base2",
            "from": [ 0.0, 7.0, 2.0 ], 
            "to": [ 16.0, 9.0, 14.0 ], 
            "faces": {
                "north": { "texture": "#-1", "uv": [ 0.0, 7.0, 16.0, 9.0 ] },
                "east": { "texture": "#2", "uv": [ 2.0, 7.0, 14.0, 9.0 ] },
                "south": { "texture": "#-1", "uv": [ 0.0, 0.0, 16.0, 2.0 ] },
                "west": { "texture": "#2", "uv": [ 2.0, 7.0, 14.0, 9.0 ] },
                "up": { "texture": "#2", "uv": [ 0.0, 2.0, 16.0, 14.0 ] },
                "down": { "texture": "#2", "uv": [ 0.0, 2.0, 16.0, 14.0 ] }
            }
        }
    ]
}