{
"ambientocclusion": false,
    "textures": {
        "particle": "block/powered_rail",
        "0": "block/anvil",
        "1": "block/iron_block",
        "2": "block/oak_planks",
        "3": "block/powered_rail",
        "4": "block/gold_block"
    },
    "elements": [
        {
            "from": [ 3.0, 9.0, -3.3000000044703484 ], 
            "to": [ 4.0, 9.699999995529652, 19.30000000447035 ], 
            "rotation": { "origin": [ 8.0, 9.0, 8.0 ], "axis": "x", "angle": 45.0 },
            "faces": {
                "north": { "texture": "#0", "uv": [ 0.0, 0.0, 1.0, 0.6999999955296516 ] },
                "east": { "texture": "#0", "uv": [ 0.0, 0.0, 16.0, 0.6999999955296516 ] },
                "south": { "texture": "#0", "uv": [ 0.0, 0.0, 1.0, 0.6999999955296516 ] },
                "west": { "texture": "#0", "uv": [ 0.0, 0.0, 16.0, 0.6999999955296516 ] },
                "up": { "texture": "#0", "uv": [ 0.0, 0.0, 1.0, 16.0 ] },
                "down": { "texture": "#0", "uv": [ 0.0, 0.0, 1.0, 16.0 ] }
            }
        },
        {
            "from": [ 2.0, 9.0, -3.3000000044703484 ], 
            "to": [ 3.0, 10.0, 19.30000000447035 ], 
            "rotation": { "origin": [ 8.0, 9.0, 8.0 ], "axis": "x", "angle": 45.0 },
            "faces": {
                "north": { "texture": "#1", "uv": [ 0.0, 0.0, 1.0, 1.0 ] },
                "east": { "texture": "#1", "uv": [ 0.0, 0.0, 16.0, 1.0 ] },
                "south": { "texture": "#1", "uv": [ 0.0, 0.0, 1.0, 1.0 ] },
                "west": { "texture": "#1", "uv": [ 0.0, 0.0, 16.0, 1.0 ] },
                "up": { "texture": "#1", "uv": [ 0.0, 0.0, 1.0, 16.0 ] },
                "down": { "texture": "#1", "uv": [ 0.0, 0.0, 1.0, 16.0 ] }
            }
        },
        {
            "from": [ 12.0, 9.0, -3.299999989569187 ], 
            "to": [ 13.0, 9.699999995529652, 19.30000001937151 ], 
            "rotation": { "origin": [ 8.0, 9.0, 8.0 ], "axis": "x", "angle": 45.0 },
            "faces": {
                "north": { "texture": "#0", "uv": [ 0.0, 0.0, 1.0, 0.6999999955296516 ] },
                "east": { "texture": "#0", "uv": [ 0.0, 0.0, 16.0, 0.6999999955296516 ] },
                "south": { "texture": "#0", "uv": [ 0.0, 0.0, 1.0, 0.6999999955296516 ] },
                "west": { "texture": "#0", "uv": [ 0.0, 0.0, 16.0, 0.6999999955296516 ] },
                "up": { "texture": "#0", "uv": [ 0.0, 0.0, 1.0, 16.0 ] },
                "down": { "texture": "#0", "uv": [ 0.0, 0.0, 1.0, 16.0 ] }
            }
        },
        {
            "from": [ 13.0, 9.0, -3.3000000044703484 ], 
            "to": [ 14.0, 10.0, 19.30000000447035 ], 
            "rotation": { "origin": [ 8.0, 9.0, 8.0 ], "axis": "x", "angle": 45.0 },
            "faces": {
                "north": { "texture": "#1", "uv": [ 0.0, 0.0, 1.0, 1.0 ] },
                "east": { "texture": "#1", "uv": [ 0.0, 0.0, 16.0, 1.0 ] },
                "south": { "texture": "#1", "uv": [ 0.0, 0.0, 1.0, 1.0 ] },
                "west": { "texture": "#1", "uv": [ 0.0, 0.0, 16.0, 1.0 ] },
                "up": { "texture": "#1", "uv": [ 0.0, 0.0, 1.0, 16.0 ] },
                "down": { "texture": "#1", "uv": [ 0.0, 0.0, 1.0, 16.0 ] }
            }
        },
        {
            "from": [ 1.0, 8.0, 0.5999999940395355 ], 
            "to": [ 15.0, 9.0, 2.5999999940395355 ], 
            "rotation": { "origin": [ 8.0, 9.0, 8.0 ], "axis": "x", "angle": 45.0 },
            "faces": {
                "north": { "texture": "#2", "uv": [ 0.0, 0.0, 14.0, 1.0 ] },
                "east": { "texture": "#2", "uv": [ 0.0, 0.0, 2.0, 1.0 ] },
                "south": { "texture": "#2", "uv": [ 0.0, 0.0, 14.0, 1.0 ] },
                "west": { "texture": "#2", "uv": [ 0.0, 0.0, 2.0, 1.0 ] },
                "up": { "texture": "#2", "uv": [ 2.0, 0.0, 16.0, 2.0 ] },
                "down": { "texture": "#2", "uv": [ 0.0, 4.0, 14.0, 6.0 ] }
            }
        },
        {
            "from": [ 1.0, 8.0, 13.50000000745058 ], 
            "to": [ 15.0, 9.0, 15.50000000745058 ], 
            "rotation": { "origin": [ 8.0, 9.0, 8.0 ], "axis": "x", "angle": 45.0 },
            "faces": {
                "north": { "texture": "#2", "uv": [ 0.0, 0.0, 14.0, 1.0 ] },
                "east": { "texture": "#2", "uv": [ 0.0, 0.0, 2.0, 1.0 ] },
                "south": { "texture": "#2", "uv": [ 0.0, 0.0, 14.0, 1.0 ] },
                "west": { "texture": "#2", "uv": [ 0.0, 0.0, 2.0, 1.0 ] },
                "up": { "texture": "#2", "uv": [ 1.0, 0.0, 15.0, 2.0 ] },
                "down": { "texture": "#2", "uv": [ 0.0, 4.0, 14.0, 6.0 ] }
            }
        },
        {
            "from": [ 1.0, 8.0, 3.6999999955296516 ], 
            "to": [ 15.0, 9.0, 5.699999995529652 ], 
            "rotation": { "origin": [ 8.0, 9.0, 8.0 ], "axis": "x", "angle": 45.0 },
            "faces": {
                "north": { "texture": "#2", "uv": [ 0.0, 0.0, 14.0, 1.0 ] },
                "east": { "texture": "#2", "uv": [ 0.0, 0.0, 2.0, 1.0 ] },
                "south": { "texture": "#2", "uv": [ 0.0, 0.0, 14.0, 1.0 ] },
                "west": { "texture": "#2", "uv": [ 0.0, 0.0, 2.0, 1.0 ] },
                "up": { "texture": "#2", "uv": [ 0.0, 4.0, 14.0, 6.0 ] },
                "down": { "texture": "#2", "uv": [ 0.0, 4.0, 14.0, 6.0 ] }
            }
        },
        {
            "from": [ 1.0, 8.0, 10.299999989569187 ], 
            "to": [ 15.0, 9.0, 12.299999989569187 ], 
            "rotation": { "origin": [ 8.0, 9.0, 8.0 ], "axis": "x", "angle": 45.0 },
            "faces": {
                "north": { "texture": "#2", "uv": [ 0.0, 0.0, 14.0, 1.0 ] },
                "east": { "texture": "#2", "uv": [ 0.0, 0.0, 2.0, 1.0 ] },
                "south": { "texture": "#2", "uv": [ 0.0, 0.0, 14.0, 1.0 ] },
                "west": { "texture": "#2", "uv": [ 0.0, 0.0, 2.0, 1.0 ] },
                "up": { "texture": "#2", "uv": [ 0.0, 4.0, 14.0, 6.0 ] },
                "down": { "texture": "#2", "uv": [ 0.0, 4.0, 14.0, 6.0 ] }
            }
        },
        {
            "from": [ 1.0, 8.0, 7.0 ], 
            "to": [ 15.0, 9.0, 9.0 ], 
            "rotation": { "origin": [ 8.0, 9.0, 8.0 ], "axis": "x", "angle": 45.0 },
            "faces": {
                "north": { "texture": "#2", "uv": [ 0.0, 0.0, 14.0, 1.0 ] },
                "east": { "texture": "#2", "uv": [ 0.0, 0.0, 2.0, 1.0 ] },
                "south": { "texture": "#2", "uv": [ 0.0, 0.0, 14.0, 1.0 ] },
                "west": { "texture": "#2", "uv": [ 0.0, 0.0, 2.0, 1.0 ] },
                "up": { "texture": "#2", "uv": [ 0.0, 0.0, 14.0, 2.0 ] },
                "down": { "texture": "#2", "uv": [ 0.0, 4.0, 14.0, 6.0 ] }
            }
        },
        {
            "from": [ 1.0, 8.0, -2.3000000044703484 ], 
            "to": [ 15.0, 9.0, -0.30000000447034836 ], 
            "rotation": { "origin": [ 8.0, 9.0, 8.0 ], "axis": "x", "angle": 45.0 },
            "faces": {
                "north": { "texture": "#2", "uv": [ 0.0, 0.0, 14.0, 1.0 ] },
                "east": { "texture": "#2", "uv": [ 0.0, 0.0, 2.0, 1.0 ] },
                "south": { "texture": "#2", "uv": [ 0.0, 0.0, 14.0, 1.0 ] },
                "west": { "texture": "#2", "uv": [ 0.0, 0.0, 2.0, 1.0 ] },
                "up": { "texture": "#2", "uv": [ 0.0, 0.0, 14.0, 2.0 ] },
                "down": { "texture": "#2", "uv": [ 0.0, 4.0, 14.0, 6.0 ] }
            }
        },
        {
            "from": [ 1.0, 8.0, 16.700000010430813 ], 
            "to": [ 15.0, 9.0, 18.700000010430813 ], 
            "rotation": { "origin": [ 8.0, 9.0, 8.0 ], "axis": "x", "angle": 45.0 },
            "faces": {
                "north": { "texture": "#2", "uv": [ 0.0, 0.0, 14.0, 1.0 ] },
                "east": { "texture": "#2", "uv": [ 0.0, 0.0, 2.0, 1.0 ] },
                "south": { "texture": "#2", "uv": [ 0.0, 0.0, 14.0, 1.0 ] },
                "west": { "texture": "#2", "uv": [ 0.0, 0.0, 2.0, 1.0 ] },
                "up": { "texture": "#2", "uv": [ 0.0, 0.0, 14.0, 2.0 ] },
                "down": { "texture": "#2", "uv": [ 0.0, 4.0, 14.0, 6.0 ] }
            }
        },
        {
            "from": [ 2.2000000029802322, 8.0, 2.5999999940395355 ], 
            "to": [ 4.899999998509884, 9.0, 3.6999999955296516 ], 
            "rotation": { "origin": [ 8.0, 9.0, 8.0 ], "axis": "x", "angle": 45.0 },
            "faces": {
                "north": { "texture": "#3", "uv": [ 7.0, 7.0, 8.699999995529652, 8.0 ] },
                "east": { "texture": "#3", "uv": [ 7.0, 3.0, 8.100000001490116, 4.0 ] },
                "south": { "texture": "#3", "uv": [ 7.0, 3.0, 8.699999995529652, 4.0 ] },
                "west": { "texture": "#3", "uv": [ 7.0, 3.0, 8.100000001490116, 4.0 ] },
                "up": { "texture": "#3", "uv": [ 7.0, 3.0, 8.699999995529652, 4.100000001490116 ] },
                "down": { "texture": "#3", "uv": [ 7.0, 3.0, 8.699999995529652, 4.100000001490116 ] }
            }
        },
        {
            "from": [ 11.100000001490116, 8.0, 2.5999999940395355 ], 
            "to": [ 13.799999997019768, 9.0, 3.6999999955296516 ], 
            "rotation": { "origin": [ 8.0, 9.0, 8.0 ], "axis": "x", "angle": 45.0 },
            "faces": {
                "north": { "texture": "#3", "uv": [ 7.0, 7.0, 9.699999995529652, 8.0 ] },
                "east": { "texture": "#3", "uv": [ 7.0, 7.0, 8.100000001490116, 8.0 ] },
                "south": { "texture": "#3", "uv": [ 7.0, 7.0, 8.699999995529652, 8.0 ] },
                "west": { "texture": "#3", "uv": [ 7.0, 7.0, 8.100000001490116, 8.0 ] },
                "up": { "texture": "#3", "uv": [ 7.0, 11.0, 8.699999995529652, 12.100000001490116 ] },
                "down": { "texture": "#3", "uv": [ 7.0, 7.0, 8.699999995529652, 8.100000001490116 ] }
            }
        },
        {
            "from": [ 11.100000001490116, 8.0, 12.299999989569187 ], 
            "to": [ 13.799999997019768, 9.0, 13.49999999254942 ], 
            "rotation": { "origin": [ 8.0, 9.0, 8.0 ], "axis": "x", "angle": 45.0 },
            "faces": {
                "north": { "texture": "#3", "uv": [ 7.0, 7.0, 8.699999995529652, 8.0 ] },
                "east": { "texture": "#3", "uv": [ 7.0, 7.0, 8.100000001490116, 8.0 ] },
                "south": { "texture": "#3", "uv": [ 7.0, 7.0, 8.699999995529652, 8.0 ] },
                "west": { "texture": "#3", "uv": [ 7.0, 7.0, 8.100000001490116, 8.0 ] },
                "up": { "texture": "#3", "uv": [ 7.0, 11.0, 8.699999995529652, 12.100000001490116 ] },
                "down": { "texture": "#3", "uv": [ 7.0, 3.0, 8.699999995529652, 4.100000001490116 ] }
            }
        },
        {
            "from": [ 2.2000000029802322, 8.0, 12.299999989569187 ], 
            "to": [ 4.899999998509884, 9.0, 13.49999999254942 ], 
            "rotation": { "origin": [ 8.0, 9.0, 8.0 ], "axis": "x", "angle": 45.0 },
            "faces": {
                "north": { "texture": "#3", "uv": [ 7.0, 7.0, 8.699999995529652, 8.0 ] },
                "east": { "texture": "#3", "uv": [ 7.0, 7.0, 8.100000001490116, 8.0 ] },
                "south": { "texture": "#3", "uv": [ 7.0, 7.0, 8.699999995529652, 8.0 ] },
                "west": { "texture": "#3", "uv": [ 7.0, 7.0, 8.100000001490116, 8.0 ] },
                "up": { "texture": "#3", "uv": [ 7.0, 7.0, 8.699999995529652, 8.100000001490116 ] },
                "down": { "texture": "#3", "uv": [ 7.0, 7.0, 8.699999995529652, 8.100000001490116 ] }
            }
        },
        {
            "from": [ 2.2000000029802322, 8.0, 5.699999995529652 ], 
            "to": [ 4.700000010430813, 9.0, 7.0 ], 
            "rotation": { "origin": [ 8.0, 9.0, 8.0 ], "axis": "x", "angle": 45.0 },
            "faces": {
                "north": { "texture": "#3", "uv": [ 7.0, 7.0, 9.50000000745058, 8.0 ] },
                "east": { "texture": "#3", "uv": [ 7.0, 7.0, 8.400000005960464, 8.0 ] },
                "south": { "texture": "#3", "uv": [ 7.0, 7.0, 9.50000000745058, 8.0 ] },
                "west": { "texture": "#3", "uv": [ 7.0, 7.0, 8.400000005960464, 8.0 ] },
                "up": { "texture": "#3", "uv": [ 6.0, 11.0, 8.50000000745058, 12.400000005960464 ] },
                "down": { "texture": "#3", "uv": [ 7.0, 7.0, 8.50000000745058, 8.400000005960464 ] }
            }
        },
        {
            "from": [ 11.300000004470348, 8.0, 5.699999995529652 ], 
            "to": [ 13.800000011920929, 9.0, 7.0 ], 
            "rotation": { "origin": [ 8.0, 9.0, 8.0 ], "axis": "x", "angle": 45.0 },
            "faces": {
                "north": { "texture": "#3", "uv": [ 7.0, 7.0, 8.50000000745058, 8.0 ] },
                "east": { "texture": "#3", "uv": [ 7.0, 7.0, 8.400000005960464, 8.0 ] },
                "south": { "texture": "#3", "uv": [ 7.0, 7.0, 8.50000000745058, 8.0 ] },
                "west": { "texture": "#3", "uv": [ 7.0, 7.0, 8.400000005960464, 8.0 ] },
                "up": { "texture": "#3", "uv": [ 7.0, 7.0, 9.50000000745058, 8.400000005960464 ] },
                "down": { "texture": "#3", "uv": [ 7.0, 3.0, 8.50000000745058, 4.4000000059604645 ] }
            }
        },
        {
            "from": [ 2.2000000029802322, 8.0, 9.0 ], 
            "to": [ 4.700000010430813, 9.0, 10.300000004470348 ], 
            "rotation": { "origin": [ 8.0, 9.0, 8.0 ], "axis": "x", "angle": 45.0 },
            "faces": {
                "north": { "texture": "#3", "uv": [ 7.0, 7.0, 9.50000000745058, 8.0 ] },
                "east": { "texture": "#3", "uv": [ 7.0, 7.0, 8.400000005960464, 8.0 ] },
                "south": { "texture": "#3", "uv": [ 7.0, 7.0, 9.50000000745058, 8.0 ] },
                "west": { "texture": "#3", "uv": [ 7.0, 7.0, 8.400000005960464, 8.0 ] },
                "up": { "texture": "#3", "uv": [ 6.0, 7.0, 8.50000000745058, 8.400000005960464 ] },
                "down": { "texture": "#3", "uv": [ 7.0, 11.0, 8.50000000745058, 12.400000005960464 ] }
            }
        },
        {
            "from": [ 11.300000004470348, 8.0, 9.0 ], 
            "to": [ 13.800000011920929, 9.0, 10.300000004470348 ], 
            "rotation": { "origin": [ 8.0, 9.0, 8.0 ], "axis": "x", "angle": 45.0 },
            "faces": {
                "north": { "texture": "#3", "uv": [ 7.0, 7.0, 9.50000000745058, 8.0 ] },
                "east": { "texture": "#3", "uv": [ 7.0, 7.0, 8.400000005960464, 8.0 ] },
                "south": { "texture": "#3", "uv": [ 7.0, 7.0, 9.50000000745058, 8.0 ] },
                "west": { "texture": "#3", "uv": [ 7.0, 8.0, 8.400000005960464, 9.0 ] },
                "up": { "texture": "#3", "uv": [ 7.0, 11.0, 9.50000000745058, 12.400000005960464 ] },
                "down": { "texture": "#3", "uv": [ 7.0, 7.0, 8.50000000745058, 8.400000005960464 ] }
            }
        },
        {
            "from": [ 7.0, 8.0, 2.6000000089406967 ], 
            "to": [ 9.0, 8.699999995529652, 3.700000010430813 ], 
            "rotation": { "origin": [ 8.0, 9.0, 8.0 ], "axis": "x", "angle": 45.0 },
            "faces": {
                "north": { "texture": "#3", "uv": [ 7.0, 3.0, 9.0, 3.6999999955296516 ] },
                "east": { "texture": "#3", "uv": [ 7.0, 3.0, 8.100000001490116, 3.6999999955296516 ] },
                "south": { "texture": "#3", "uv": [ 7.0, 7.0, 9.0, 7.699999995529652 ] },
                "west": { "texture": "#3", "uv": [ 7.0, 7.0, 8.100000001490116, 7.699999995529652 ] },
                "up": { "texture": "#3", "uv": [ 7.0, 7.0, 9.0, 8.100000001490116 ] },
                "down": { "texture": "#3", "uv": [ 7.0, 7.0, 9.0, 8.100000001490116 ] }
            }
        },
        {
            "from": [ 7.0, 8.0, 12.300000004470348 ], 
            "to": [ 9.0, 8.699999995529652, 13.50000000745058 ], 
            "rotation": { "origin": [ 8.0, 9.0, 8.0 ], "axis": "x", "angle": 45.0 },
            "faces": {
                "north": { "texture": "#3", "uv": [ 7.0, 3.0, 9.0, 3.6999999955296516 ] },
                "east": { "texture": "#3", "uv": [ 7.0, 7.0, 8.100000001490116, 7.699999995529652 ] },
                "south": { "texture": "#3", "uv": [ 7.0, 7.0, 9.0, 7.699999995529652 ] },
                "west": { "texture": "#3", "uv": [ 7.0, 7.0, 8.100000001490116, 7.699999995529652 ] },
                "up": { "texture": "#3", "uv": [ 7.0, 11.0, 9.0, 12.100000001490116 ] },
                "down": { "texture": "#3", "uv": [ 7.0, 7.0, 9.0, 8.100000001490116 ] }
            }
        },
        {
            "from": [ 7.300000004470348, 8.0, 9.0 ], 
            "to": [ 8.699999995529652, 8.599999994039536, 10.300000004470348 ], 
            "rotation": { "origin": [ 8.0, 9.0, 8.0 ], "axis": "x", "angle": 45.0 },
            "faces": {
                "north": { "texture": "#3", "uv": [ 7.0, 7.0, 8.399999991059303, 7.5999999940395355 ] },
                "east": { "texture": "#3", "uv": [ 7.0, 7.0, 8.400000005960464, 7.5999999940395355 ] },
                "south": { "texture": "#3", "uv": [ 7.0, 7.0, 8.399999991059303, 7.5999999940395355 ] },
                "west": { "texture": "#3", "uv": [ 7.0, 8.0, 8.400000005960464, 8.599999994039536 ] },
                "up": { "texture": "#3", "uv": [ 7.0, 3.0, 8.399999991059303, 4.4000000059604645 ] },
                "down": { "texture": "#3", "uv": [ 7.0, 3.0, 8.399999991059303, 4.4000000059604645 ] }
            }
        },
        {
            "from": [ 7.300000004470348, 8.0, 5.700000010430813 ], 
            "to": [ 8.699999995529652, 8.599999994039536, 7.000000014901161 ], 
            "rotation": { "origin": [ 8.0, 9.0, 8.0 ], "axis": "x", "angle": 45.0 },
            "faces": {
                "north": { "texture": "#3", "uv": [ 7.0, 7.0, 8.399999991059303, 7.5999999940395355 ] },
                "east": { "texture": "#3", "uv": [ 7.0, 7.0, 8.400000005960464, 7.5999999940395355 ] },
                "south": { "texture": "#3", "uv": [ 7.0, 7.0, 8.399999991059303, 7.5999999940395355 ] },
                "west": { "texture": "#3", "uv": [ 7.0, 11.0, 8.400000005960464, 11.599999994039536 ] },
                "up": { "texture": "#3", "uv": [ 7.0, 7.0, 8.399999991059303, 8.400000005960464 ] },
                "down": { "texture": "#3", "uv": [ 7.0, 7.0, 8.399999991059303, 8.400000005960464 ] }
            }
        },
        {
            "from": [ 2.199999988079071, 8.0, -0.30000000447034836 ], 
            "to": [ 4.899999983608723, 9.0, 0.5999999940395355 ], 
            "rotation": { "origin": [ 8.0, 9.0, 8.0 ], "axis": "x", "angle": 45.0 },
            "faces": {
                "north": { "texture": "#3", "uv": [ 7.0, 7.0, 8.699999995529652, 8.0 ] },
                "east": { "texture": "#3", "uv": [ 7.0, 3.0, 8.100000001490116, 4.0 ] },
                "south": { "texture": "#3", "uv": [ 7.0, 3.0, 8.699999995529652, 4.0 ] },
                "west": { "texture": "#3", "uv": [ 7.0, 3.0, 8.100000001490116, 4.0 ] },
                "up": { "texture": "#3", "uv": [ 7.0, 3.0, 8.699999995529652, 4.100000001490116 ] },
                "down": { "texture": "#3", "uv": [ 7.0, 3.0, 8.699999995529652, 4.100000001490116 ] }
            }
        },
        {
            "from": [ 11.099999986588955, 8.0, -0.30000000447034836 ], 
            "to": [ 13.799999982118607, 9.0, 0.5999999940395355 ], 
            "rotation": { "origin": [ 8.0, 9.0, 8.0 ], "axis": "x", "angle": 45.0 },
            "faces": {
                "north": { "texture": "#3", "uv": [ 7.0, 7.0, 8.699999995529652, 8.0 ] },
                "east": { "texture": "#3", "uv": [ 7.0, 3.0, 8.100000001490116, 4.0 ] },
                "south": { "texture": "#3", "uv": [ 7.0, 3.0, 8.699999995529652, 4.0 ] },
                "west": { "texture": "#3", "uv": [ 7.0, 3.0, 8.100000001490116, 4.0 ] },
                "up": { "texture": "#3", "uv": [ 7.0, 11.0, 8.699999995529652, 12.100000001490116 ] },
                "down": { "texture": "#3", "uv": [ 7.0, 7.0, 8.699999995529652, 8.100000001490116 ] }
            }
        },
        {
            "from": [ 11.099999986588955, 8.0, 15.49999999254942 ], 
            "to": [ 13.799999982118607, 9.0, 16.69999999552965 ], 
            "rotation": { "origin": [ 8.0, 9.0, 8.0 ], "axis": "x", "angle": 45.0 },
            "faces": {
                "north": { "texture": "#3", "uv": [ 7.0, 7.0, 8.699999995529652, 8.0 ] },
                "east": { "texture": "#3", "uv": [ 7.0, 3.0, 8.100000001490116, 4.0 ] },
                "south": { "texture": "#3", "uv": [ 7.0, 3.0, 8.699999995529652, 4.0 ] },
                "west": { "texture": "#3", "uv": [ 7.0, 3.0, 8.100000001490116, 4.0 ] },
                "up": { "texture": "#3", "uv": [ 7.0, 11.0, 8.699999995529652, 12.100000001490116 ] },
                "down": { "texture": "#3", "uv": [ 7.0, 7.0, 8.699999995529652, 8.100000001490116 ] }
            }
        },
        {
            "from": [ 2.199999988079071, 8.0, 15.49999999254942 ], 
            "to": [ 4.899999983608723, 9.0, 16.69999999552965 ], 
            "rotation": { "origin": [ 8.0, 9.0, 8.0 ], "axis": "x", "angle": 45.0 },
            "faces": {
                "north": { "texture": "#3", "uv": [ 7.0, 7.0, 8.699999995529652, 8.0 ] },
                "east": { "texture": "#3", "uv": [ 7.0, 3.0, 8.100000001490116, 4.0 ] },
                "south": { "texture": "#3", "uv": [ 7.0, 3.0, 8.699999995529652, 4.0 ] },
                "west": { "texture": "#3", "uv": [ 7.0, 3.0, 8.100000001490116, 4.0 ] },
                "up": { "texture": "#3", "uv": [ 7.0, 11.0, 8.699999995529652, 12.100000001490116 ] },
                "down": { "texture": "#3", "uv": [ 7.0, 7.0, 8.699999995529652, 8.100000001490116 ] }
            }
        },
        {
            "from": [ 4.0, 9.0, -3.3000000044703484 ], 
            "to": [ 4.499999992549419, 9.49999999254942, 19.299999989569187 ], 
            "shade": false,
            "rotation": { "origin": [ 8.0, 9.0, 8.0 ], "axis": "x", "angle": 45.0 },
            "faces": {
                "north": { "texture": "#4", "uv": [ 0.0, 0.0, 0.4999999925494194, 0.4999999925494194 ] },
                "east": { "texture": "#4", "uv": [ 0.0, 15.0, 15.599999994039536, 15.49999999254942 ] },
                "south": { "texture": "#4", "uv": [ 0.0, 0.0, 0.4999999925494194, 0.4999999925494194 ] },
                "west": { "texture": "#4", "uv": [ 0.0, 15.0, 15.599999994039536, 15.49999999254942 ] },
                "up": { "texture": "#4", "uv": [ 15.0, 0.0, 15.49999999254942, 15.599999994039536 ] },
                "down": { "texture": "#4", "uv": [ 15.0, 0.0, 15.49999999254942, 15.599999994039536 ] }
            }
        },
        {
            "from": [ 11.50000000745058, 9.0, -3.3000000044703484 ], 
            "to": [ 12.0, 9.49999999254942, 19.299999989569187 ], 
            "shade": false,
            "rotation": { "origin": [ 8.0, 9.0, 8.0 ], "axis": "x", "angle": 45.0 },
            "faces": {
                "north": { "texture": "#4", "uv": [ 0.0, 0.0, 0.4999999925494194, 0.4999999925494194 ] },
                "east": { "texture": "#4", "uv": [ 0.0, 15.0, 15.599999994039536, 15.49999999254942 ] },
                "south": { "texture": "#4", "uv": [ 0.0, 0.0, 0.4999999925494194, 0.4999999925494194 ] },
                "west": { "texture": "#4", "uv": [ 0.0, 15.0, 15.599999994039536, 15.49999999254942 ] },
                "up": { "texture": "#4", "uv": [ 15.0, 0.0, 15.49999999254942, 15.599999994039536 ] },
                "down": { "texture": "#4", "uv": [ 15.0, 0.0, 15.49999999254942, 15.599999994039536 ] }
            }
        }
    ]
}