{
    "textures": {
        "particle": "block/powered_rail",
        "0": "block/anvil",
        "1": "block/iron_block",
        "2": "block/oak_planks",
        "3": "block/powered_rail",
        "4": "block/gold_block"
    },
    "elements": [
        {
            "from": [ 3.0, 1.0, 0.0 ], 
            "to": [ 4.0, 1.6999999955296516, 16.0 ], 
            "faces": {
                "north": { "texture": "#0", "uv": [ 0.0, 0.0, 1.0, 0.6999999955296516 ] },
                "east": { "texture": "#0", "uv": [ 0.0, 0.0, 16.0, 0.6999999955296516 ] },
                "south": { "texture": "#0", "uv": [ 0.0, 0.0, 1.0, 0.6999999955296516 ] },
                "west": { "texture": "#0", "uv": [ 0.0, 0.0, 16.0, 0.6999999955296516 ] },
                "up": { "texture": "#0", "uv": [ 0.0, 0.0, 1.0, 16.0 ] },
                "down": { "texture": "#0", "uv": [ 0.0, 0.0, 1.0, 16.0 ] }
            }
        },
        {
            "from": [ 2.0, 1.0, 0.0 ], 
            "to": [ 3.0, 2.0, 16.0 ], 
            "faces": {
                "north": { "texture": "#1", "uv": [ 0.0, 0.0, 1.0, 1.0 ] },
                "east": { "texture": "#1", "uv": [ 0.0, 0.0, 16.0, 1.0 ] },
                "south": { "texture": "#1", "uv": [ 0.0, 0.0, 1.0, 1.0 ] },
                "west": { "texture": "#1", "uv": [ 0.0, 0.0, 16.0, 1.0 ] },
                "up": { "texture": "#1", "uv": [ 0.0, 0.0, 1.0, 16.0 ] },
                "down": { "texture": "#1", "uv": [ 0.0, 0.0, 1.0, 16.0 ] }
            }
        },
        {
            "from": [ 12.0, 1.0, 0.0 ], 
            "to": [ 13.0, 1.6999999955296516, 16.0 ], 
            "faces": {
                "north": { "texture": "#0", "uv": [ 0.0, 0.0, 1.0, 0.6999999955296516 ] },
                "east": { "texture": "#0", "uv": [ 0.0, 0.0, 16.0, 0.6999999955296516 ] },
                "south": { "texture": "#0", "uv": [ 0.0, 0.0, 1.0, 0.6999999955296516 ] },
                "west": { "texture": "#0", "uv": [ 0.0, 0.0, 16.0, 0.6999999955296516 ] },
                "up": { "texture": "#0", "uv": [ 0.0, 0.0, 1.0, 16.0 ] },
                "down": { "texture": "#0", "uv": [ 0.0, 0.0, 1.0, 16.0 ] }
            }
        },
        {
            "from": [ 13.0, 1.0, 0.0 ], 
            "to": [ 14.0, 2.0, 16.0 ], 
            "faces": {
                "north": { "texture": "#1", "uv": [ 0.0, 0.0, 1.0, 1.0 ] },
                "east": { "texture": "#1", "uv": [ 0.0, 0.0, 16.0, 1.0 ] },
                "south": { "texture": "#1", "uv": [ 0.0, 0.0, 1.0, 1.0 ] },
                "west": { "texture": "#1", "uv": [ 0.0, 0.0, 16.0, 1.0 ] },
                "up": { "texture": "#1", "uv": [ 0.0, 0.0, 1.0, 16.0 ] },
                "down": { "texture": "#1", "uv": [ 0.0, 0.0, 1.0, 16.0 ] }
            }
        },
        {
            "from": [ 1.0, 0.0, 0.4999999925494194 ], 
            "to": [ 15.0, 1.0, 2.4999999925494194 ], 
            "faces": {
                "north": { "texture": "#2", "uv": [ 0.0, 0.0, 14.0, 1.0 ] },
                "east": { "texture": "#2", "uv": [ 0.0, 0.0, 2.0, 1.0 ] },
                "south": { "texture": "#2", "uv": [ 0.0, 0.0, 14.0, 1.0 ] },
                "west": { "texture": "#2", "uv": [ 0.0, 0.0, 2.0, 1.0 ] },
                "up": { "texture": "#2", "uv": [ 2.0, 0.0, 16.0, 2.0 ] },
                "down": { "texture": "#2", "uv": [ 0.0, 4.0, 14.0, 6.0 ] }
            }
        },
        {
            "from": [ 1.0, 0.0, 13.50000000745058 ], 
            "to": [ 15.0, 1.0, 15.50000000745058 ], 
            "faces": {
                "north": { "texture": "#2", "uv": [ 0.0, 0.0, 14.0, 1.0 ] },
                "east": { "texture": "#2", "uv": [ 0.0, 0.0, 2.0, 1.0 ] },
                "south": { "texture": "#2", "uv": [ 0.0, 0.0, 14.0, 1.0 ] },
                "west": { "texture": "#2", "uv": [ 0.0, 0.0, 2.0, 1.0 ] },
                "up": { "texture": "#2", "uv": [ 2.0, 0.0, 16.0, 2.0 ] },
                "down": { "texture": "#2", "uv": [ 0.0, 4.0, 14.0, 6.0 ] }
            }
        },
        {
            "from": [ 1.0, 0.0, 3.5999999940395355 ], 
            "to": [ 15.0, 1.0, 5.5999999940395355 ], 
            "faces": {
                "north": { "texture": "#2", "uv": [ 0.0, 0.0, 14.0, 1.0 ] },
                "east": { "texture": "#2", "uv": [ 0.0, 0.0, 2.0, 1.0 ] },
                "south": { "texture": "#2", "uv": [ 0.0, 0.0, 14.0, 1.0 ] },
                "west": { "texture": "#2", "uv": [ 0.0, 0.0, 2.0, 1.0 ] },
                "up": { "texture": "#2", "uv": [ 0.0, 4.0, 14.0, 6.0 ] },
                "down": { "texture": "#2", "uv": [ 0.0, 4.0, 14.0, 6.0 ] }
            }
        },
        {
            "from": [ 1.0, 0.0, 10.399999991059303 ], 
            "to": [ 15.0, 1.0, 12.399999991059303 ], 
            "faces": {
                "north": { "texture": "#2", "uv": [ 0.0, 0.0, 14.0, 1.0 ] },
                "east": { "texture": "#2", "uv": [ 0.0, 0.0, 2.0, 1.0 ] },
                "south": { "texture": "#2", "uv": [ 0.0, 0.0, 14.0, 1.0 ] },
                "west": { "texture": "#2", "uv": [ 0.0, 0.0, 2.0, 1.0 ] },
                "up": { "texture": "#2", "uv": [ 0.0, 4.0, 14.0, 6.0 ] },
                "down": { "texture": "#2", "uv": [ 0.0, 4.0, 14.0, 6.0 ] }
            }
        },
        {
            "from": [ 1.0, 0.0, 7.0 ], 
            "to": [ 15.0, 1.0, 9.0 ], 
            "faces": {
                "north": { "texture": "#2", "uv": [ 0.0, 0.0, 14.0, 1.0 ] },
                "east": { "texture": "#2", "uv": [ 0.0, 0.0, 2.0, 1.0 ] },
                "south": { "texture": "#2", "uv": [ 0.0, 0.0, 14.0, 1.0 ] },
                "west": { "texture": "#2", "uv": [ 0.0, 0.0, 2.0, 1.0 ] },
                "up": { "texture": "#2", "uv": [ 0.0, 9.0, 14.0, 11.0 ] },
                "down": { "texture": "#2", "uv": [ 0.0, 4.0, 14.0, 6.0 ] }
            }
        },
        {
            "from": [ 2.2000000029802322, 0.0, 2.4999999925494194 ], 
            "to": [ 4.899999998509884, 1.0, 3.5999999940395355 ], 
            "faces": {
                "north": { "texture": "#3", "uv": [ 7.0, 7.0, 8.699999995529652, 8.0 ] },
                "east": { "texture": "#3", "uv": [ 7.0, 3.0, 8.100000001490116, 4.0 ] },
                "south": { "texture": "#3", "uv": [ 7.0, 3.0, 8.699999995529652, 4.0 ] },
                "west": { "texture": "#3", "uv": [ 7.0, 3.0, 8.100000001490116, 4.0 ] },
                "up": { "texture": "#3", "uv": [ 7.0, 3.0, 8.699999995529652, 4.100000001490116 ] },
                "down": { "texture": "#3", "uv": [ 7.0, 3.0, 8.699999995529652, 4.100000001490116 ] }
            }
        },
        {
            "from": [ 11.100000001490116, 0.0, 2.4999999925494194 ], 
            "to": [ 13.799999997019768, 1.0, 3.5999999940395355 ], 
            "faces": {
                "north": { "texture": "#3", "uv": [ 7.0, 7.0, 9.699999995529652, 8.0 ] },
                "east": { "texture": "#3", "uv": [ 7.0, 7.0, 8.100000001490116, 8.0 ] },
                "south": { "texture": "#3", "uv": [ 7.0, 7.0, 8.699999995529652, 8.0 ] },
                "west": { "texture": "#3", "uv": [ 7.0, 7.0, 8.100000001490116, 8.0 ] },
                "up": { "texture": "#3", "uv": [ 7.0, 11.0, 8.699999995529652, 12.100000001490116 ] },
                "down": { "texture": "#3", "uv": [ 7.0, 11.0, 8.699999995529652, 12.100000001490116 ] }
            }
        },
        {
            "from": [ 11.100000001490116, 0.0, 12.399999991059303 ], 
            "to": [ 13.799999997019768, 1.0, 13.49999999254942 ], 
            "faces": {
                "north": { "texture": "#3", "uv": [ 7.0, 7.0, 8.699999995529652, 8.0 ] },
                "east": { "texture": "#3", "uv": [ 7.0, 7.0, 8.100000001490116, 8.0 ] },
                "south": { "texture": "#3", "uv": [ 7.0, 7.0, 8.699999995529652, 8.0 ] },
                "west": { "texture": "#3", "uv": [ 7.0, 7.0, 8.100000001490116, 8.0 ] },
                "up": { "texture": "#3", "uv": [ 7.0, 11.0, 8.699999995529652, 12.100000001490116 ] },
                "down": { "texture": "#3", "uv": [ 7.0, 8.0, 8.699999995529652, 9.100000001490116 ] }
            }
        },
        {
            "from": [ 2.2000000029802322, 0.0, 12.399999991059303 ], 
            "to": [ 4.899999998509884, 1.0, 13.49999999254942 ], 
            "faces": {
                "north": { "texture": "#3", "uv": [ 7.0, 7.0, 8.699999995529652, 8.0 ] },
                "east": { "texture": "#3", "uv": [ 7.0, 7.0, 8.100000001490116, 8.0 ] },
                "south": { "texture": "#3", "uv": [ 7.0, 7.0, 8.699999995529652, 8.0 ] },
                "west": { "texture": "#3", "uv": [ 7.0, 7.0, 8.100000001490116, 8.0 ] },
                "up": { "texture": "#3", "uv": [ 7.0, 7.0, 8.699999995529652, 8.100000001490116 ] },
                "down": { "texture": "#3", "uv": [ 7.0, 7.0, 8.699999995529652, 8.100000001490116 ] }
            }
        },
        {
            "from": [ 2.2000000029802322, 0.0, 5.5999999940395355 ], 
            "to": [ 4.700000010430813, 1.0, 7.0 ], 
            "faces": {
                "north": { "texture": "#3", "uv": [ 7.0, 7.0, 9.50000000745058, 8.0 ] },
                "east": { "texture": "#3", "uv": [ 7.0, 7.0, 8.400000005960464, 8.0 ] },
                "south": { "texture": "#3", "uv": [ 7.0, 7.0, 9.50000000745058, 8.0 ] },
                "west": { "texture": "#3", "uv": [ 7.0, 7.0, 8.400000005960464, 8.0 ] },
                "up": { "texture": "#3", "uv": [ 6.0, 11.0, 8.50000000745058, 12.400000005960464 ] },
                "down": { "texture": "#3", "uv": [ 7.0, 7.0, 8.50000000745058, 8.400000005960464 ] }
            }
        },
        {
            "from": [ 11.300000004470348, 0.0, 5.5999999940395355 ], 
            "to": [ 13.800000011920929, 1.0, 7.0 ], 
            "faces": {
                "north": { "texture": "#3", "uv": [ 7.0, 7.0, 8.50000000745058, 8.0 ] },
                "east": { "texture": "#3", "uv": [ 7.0, 7.0, 8.400000005960464, 8.0 ] },
                "south": { "texture": "#3", "uv": [ 7.0, 7.0, 8.50000000745058, 8.0 ] },
                "west": { "texture": "#3", "uv": [ 7.0, 7.0, 8.400000005960464, 8.0 ] },
                "up": { "texture": "#3", "uv": [ 7.0, 7.0, 9.50000000745058, 8.400000005960464 ] },
                "down": { "texture": "#3", "uv": [ 7.0, 3.0, 8.50000000745058, 4.4000000059604645 ] }
            }
        },
        {
            "from": [ 2.2000000029802322, 0.0, 9.0 ], 
            "to": [ 4.700000010430813, 1.0, 10.400000005960464 ], 
            "faces": {
                "north": { "texture": "#3", "uv": [ 7.0, 7.0, 9.50000000745058, 8.0 ] },
                "east": { "texture": "#3", "uv": [ 7.0, 7.0, 8.400000005960464, 8.0 ] },
                "south": { "texture": "#3", "uv": [ 7.0, 7.0, 9.50000000745058, 8.0 ] },
                "west": { "texture": "#3", "uv": [ 7.0, 7.0, 8.400000005960464, 8.0 ] },
                "up": { "texture": "#3", "uv": [ 7.0, 7.0, 8.50000000745058, 8.400000005960464 ] },
                "down": { "texture": "#3", "uv": [ 7.0, 11.0, 8.50000000745058, 12.400000005960464 ] }
            }
        },
        {
            "from": [ 11.300000004470348, 0.0, 9.0 ], 
            "to": [ 13.800000011920929, 1.0, 10.400000005960464 ], 
            "faces": {
                "north": { "texture": "#3", "uv": [ 7.0, 7.0, 9.50000000745058, 8.0 ] },
                "east": { "texture": "#3", "uv": [ 7.0, 7.0, 8.400000005960464, 8.0 ] },
                "south": { "texture": "#3", "uv": [ 7.0, 7.0, 9.50000000745058, 8.0 ] },
                "west": { "texture": "#3", "uv": [ 7.0, 8.0, 8.400000005960464, 9.0 ] },
                "up": { "texture": "#3", "uv": [ 7.0, 11.0, 9.50000000745058, 12.400000005960464 ] },
                "down": { "texture": "#3", "uv": [ 7.0, 7.0, 8.50000000745058, 8.400000005960464 ] }
            }
        },
        {
            "from": [ 7.0, 0.0, 2.5000000074505806 ], 
            "to": [ 9.0, 0.6999999955296516, 3.6000000089406967 ], 
            "faces": {
                "north": { "texture": "#3", "uv": [ 7.0, 3.0, 9.0, 3.6999999955296516 ] },
                "east": { "texture": "#3", "uv": [ 7.0, 3.0, 8.100000001490116, 3.6999999955296516 ] },
                "south": { "texture": "#3", "uv": [ 7.0, 7.0, 9.0, 7.699999995529652 ] },
                "west": { "texture": "#3", "uv": [ 7.0, 7.0, 8.100000001490116, 7.699999995529652 ] },
                "up": { "texture": "#3", "uv": [ 7.0, 7.0, 9.0, 8.100000001490116 ] },
                "down": { "texture": "#3", "uv": [ 7.0, 7.0, 9.0, 8.100000001490116 ] }
            }
        },
        {
            "from": [ 7.0, 0.0, 12.400000005960464 ], 
            "to": [ 9.0, 0.6999999955296516, 13.50000000745058 ], 
            "faces": {
                "north": { "texture": "#3", "uv": [ 7.0, 3.0, 9.0, 3.6999999955296516 ] },
                "east": { "texture": "#3", "uv": [ 7.0, 7.0, 8.100000001490116, 7.699999995529652 ] },
                "south": { "texture": "#3", "uv": [ 7.0, 7.0, 9.0, 7.699999995529652 ] },
                "west": { "texture": "#3", "uv": [ 7.0, 7.0, 8.100000001490116, 7.699999995529652 ] },
                "up": { "texture": "#3", "uv": [ 7.0, 11.0, 9.0, 12.100000001490116 ] },
                "down": { "texture": "#3", "uv": [ 7.0, 8.0, 9.0, 9.100000001490116 ] }
            }
        },
        {
            "from": [ 7.300000004470348, 0.0, 9.0 ], 
            "to": [ 8.699999995529652, 0.5999999940395355, 10.400000005960464 ], 
            "faces": {
                "north": { "texture": "#3", "uv": [ 7.0, 7.0, 8.399999991059303, 7.5999999940395355 ] },
                "east": { "texture": "#3", "uv": [ 7.0, 7.0, 8.400000005960464, 7.5999999940395355 ] },
                "south": { "texture": "#3", "uv": [ 7.0, 7.0, 8.399999991059303, 7.5999999940395355 ] },
                "west": { "texture": "#3", "uv": [ 7.0, 8.0, 8.400000005960464, 8.599999994039536 ] },
                "up": { "texture": "#3", "uv": [ 7.0, 3.0, 8.399999991059303, 4.4000000059604645 ] },
                "down": { "texture": "#3", "uv": [ 7.0, 3.0, 8.399999991059303, 4.4000000059604645 ] }
            }
        },
        {
            "from": [ 7.300000004470348, 0.0, 5.600000008940697 ], 
            "to": [ 8.699999995529652, 0.5999999940395355, 7.000000014901161 ], 
            "faces": {
                "north": { "texture": "#3", "uv": [ 7.0, 7.0, 8.399999991059303, 7.5999999940395355 ] },
                "east": { "texture": "#3", "uv": [ 7.0, 7.0, 8.400000005960464, 7.5999999940395355 ] },
                "south": { "texture": "#3", "uv": [ 7.0, 7.0, 8.399999991059303, 7.5999999940395355 ] },
                "west": { "texture": "#3", "uv": [ 7.0, 11.0, 8.400000005960464, 11.599999994039536 ] },
                "up": { "texture": "#3", "uv": [ 7.0, 11.0, 8.399999991059303, 12.400000005960464 ] },
                "down": { "texture": "#3", "uv": [ 7.0, 7.0, 8.399999991059303, 8.400000005960464 ] }
            }
        },
        {
            "from": [ 4.0, 1.0, 0.0 ], 
            "to": [ 4.499999992549419, 1.4999999925494194, 16.0 ], 
            "faces": {
                "north": { "texture": "#4", "uv": [ 0.0, 0.0, 0.4999999925494194, 0.4999999925494194 ] },
                "east": { "texture": "#4", "uv": [ 0.0, 15.0, 16.0, 15.49999999254942 ] },
                "south": { "texture": "#4", "uv": [ 0.0, 0.0, 0.4999999925494194, 0.4999999925494194 ] },
                "west": { "texture": "#4", "uv": [ 0.0, 15.0, 16.0, 15.49999999254942 ] },
                "up": { "texture": "#4", "uv": [ 15.0, 0.0, 15.49999999254942, 16.0 ] },
                "down": { "texture": "#4", "uv": [ 15.0, 0.0, 15.49999999254942, 16.0 ] }
            }
        },
        {
            "from": [ 11.49999999254942, 1.0, 0.0 ], 
            "to": [ 11.999999985098839, 1.4999999925494194, 16.0 ], 
            "faces": {
                "north": { "texture": "#4", "uv": [ 0.0, 0.0, 0.4999999925494194, 0.4999999925494194 ] },
                "east": { "texture": "#4", "uv": [ 0.0, 15.0, 16.0, 15.49999999254942 ] },
                "south": { "texture": "#4", "uv": [ 0.0, 0.0, 0.4999999925494194, 0.4999999925494194 ] },
                "west": { "texture": "#4", "uv": [ 0.0, 15.0, 16.0, 15.49999999254942 ] },
                "up": { "texture": "#4", "uv": [ 15.0, 0.0, 15.49999999254942, 16.0 ] },
                "down": { "texture": "#4", "uv": [ 15.0, 0.0, 15.49999999254942, 16.0 ] }
            }
        }
    ]
}