{
    "textures": {
        "particle": "block/rail",
        "0": "block/anvil",
        "1": "block/iron_block",
        "2": "block/oak_planks"
    },
    "elements": [
        {
            "from": [ 3.0, 1.0, 0.0 ], 
            "to": [ 4.0, 1.6999999955296516, 16.0 ], 
            "faces": {
                "north": { "texture": "#0", "uv": [ 0.0, 0.0, 1.0, 0.6999999955296516 ] },
                "east": { "texture": "#0", "uv": [ 0.0, 0.0, 16.0, 0.6999999955296516 ] },
                "south": { "texture": "#0", "uv": [ 0.0, 0.0, 1.0, 0.6999999955296516 ] },
                "west": { "texture": "#0", "uv": [ 0.0, 0.0, 16.0, 0.6999999955296516 ] },
                "up": { "texture": "#0", "uv": [ 0.0, 0.0, 1.0, 16.0 ] },
                "down": { "texture": "#0", "uv": [ 0.0, 0.0, 1.0, 16.0 ] }
            }
        },
        {
            "from": [ 2.0, 1.0, 0.0 ], 
            "to": [ 3.0, 2.0, 16.0 ], 
            "faces": {
                "north": { "texture": "#1", "uv": [ 0.0, 0.0, 1.0, 1.0 ] },
                "east": { "texture": "#1", "uv": [ 0.0, 0.0, 16.0, 1.0 ] },
                "south": { "texture": "#1", "uv": [ 0.0, 0.0, 1.0, 1.0 ] },
                "west": { "texture": "#1", "uv": [ 0.0, 0.0, 16.0, 1.0 ] },
                "up": { "texture": "#1", "uv": [ 0.0, 0.0, 1.0, 16.0 ] },
                "down": { "texture": "#1", "uv": [ 0.0, 0.0, 1.0, 16.0 ] }
            }
        },
        {
            "from": [ 12.0, 1.0, 0.0 ], 
            "to": [ 13.0, 1.6999999955296516, 16.0 ], 
            "faces": {
                "north": { "texture": "#0", "uv": [ 0.0, 0.0, 1.0, 0.6999999955296516 ] },
                "east": { "texture": "#0", "uv": [ 0.0, 0.0, 16.0, 0.6999999955296516 ] },
                "south": { "texture": "#0", "uv": [ 0.0, 0.0, 1.0, 0.6999999955296516 ] },
                "west": { "texture": "#0", "uv": [ 0.0, 0.0, 16.0, 0.6999999955296516 ] },
                "up": { "texture": "#0", "uv": [ 0.0, 0.0, 1.0, 16.0 ] },
                "down": { "texture": "#0", "uv": [ 0.0, 0.0, 1.0, 16.0 ] }
            }
        },
        {
            "from": [ 13.0, 1.0, 0.0 ], 
            "to": [ 14.0, 2.0, 16.0 ], 
            "faces": {
                "north": { "texture": "#1", "uv": [ 0.0, 0.0, 1.0, 1.0 ] },
                "east": { "texture": "#1", "uv": [ 0.0, 0.0, 16.0, 1.0 ] },
                "south": { "texture": "#1", "uv": [ 0.0, 0.0, 1.0, 1.0 ] },
                "west": { "texture": "#1", "uv": [ 0.0, 0.0, 16.0, 1.0 ] },
                "up": { "texture": "#1", "uv": [ 0.0, 0.0, 1.0, 16.0 ] },
                "down": { "texture": "#1", "uv": [ 0.0, 0.0, 1.0, 16.0 ] }
            }
        },
        {
            "from": [ 1.0, 0.0, 0.4999999925494194 ], 
            "to": [ 15.0, 1.0, 2.4999999925494194 ], 
            "faces": {
                "north": { "texture": "#2", "uv": [ 0.0, 0.0, 14.0, 1.0 ] },
                "east": { "texture": "#2", "uv": [ 0.0, 0.0, 2.0, 1.0 ] },
                "south": { "texture": "#2", "uv": [ 0.0, 0.0, 14.0, 1.0 ] },
                "west": { "texture": "#2", "uv": [ 0.0, 0.0, 2.0, 1.0 ] },
                "up": { "texture": "#2", "uv": [ 2.0, 0.0, 16.0, 2.0 ] },
                "down": { "texture": "#2", "uv": [ 0.0, 4.0, 14.0, 6.0 ] }
            }
        },
        {
            "from": [ 1.0, 0.0, 13.50000000745058 ], 
            "to": [ 15.0, 1.0, 15.50000000745058 ], 
            "faces": {
                "north": { "texture": "#2", "uv": [ 0.0, 0.0, 14.0, 1.0 ] },
                "east": { "texture": "#2", "uv": [ 0.0, 0.0, 2.0, 1.0 ] },
                "south": { "texture": "#2", "uv": [ 0.0, 0.0, 14.0, 1.0 ] },
                "west": { "texture": "#2", "uv": [ 0.0, 0.0, 2.0, 1.0 ] },
                "up": { "texture": "#2", "uv": [ 2.0, 0.0, 16.0, 2.0 ] },
                "down": { "texture": "#2", "uv": [ 0.0, 4.0, 14.0, 6.0 ] }
            }
        },
        {
            "from": [ 1.0, 0.0, 3.5999999940395355 ], 
            "to": [ 15.0, 1.0, 5.5999999940395355 ], 
            "faces": {
                "north": { "texture": "#2", "uv": [ 0.0, 0.0, 14.0, 1.0 ] },
                "east": { "texture": "#2", "uv": [ 0.0, 0.0, 2.0, 1.0 ] },
                "south": { "texture": "#2", "uv": [ 0.0, 0.0, 14.0, 1.0 ] },
                "west": { "texture": "#2", "uv": [ 0.0, 0.0, 2.0, 1.0 ] },
                "up": { "texture": "#2", "uv": [ 0.0, 4.0, 14.0, 6.0 ] },
                "down": { "texture": "#2", "uv": [ 0.0, 4.0, 14.0, 6.0 ] }
            }
        },
        {
            "from": [ 1.0, 0.0, 10.399999991059303 ], 
            "to": [ 15.0, 1.0, 12.399999991059303 ], 
            "faces": {
                "north": { "texture": "#2", "uv": [ 0.0, 0.0, 14.0, 1.0 ] },
                "east": { "texture": "#2", "uv": [ 0.0, 0.0, 2.0, 1.0 ] },
                "south": { "texture": "#2", "uv": [ 0.0, 0.0, 14.0, 1.0 ] },
                "west": { "texture": "#2", "uv": [ 0.0, 0.0, 2.0, 1.0 ] },
                "up": { "texture": "#2", "uv": [ 0.0, 4.0, 14.0, 6.0 ] },
                "down": { "texture": "#2", "uv": [ 0.0, 4.0, 14.0, 6.0 ] }
            }
        },
        {
            "from": [ 1.0, 0.0, 7.0 ], 
            "to": [ 15.0, 1.0, 9.0 ], 
            "faces": {
                "north": { "texture": "#2", "uv": [ 0.0, 0.0, 14.0, 1.0 ] },
                "east": { "texture": "#2", "uv": [ 0.0, 0.0, 2.0, 1.0 ] },
                "south": { "texture": "#2", "uv": [ 0.0, 0.0, 14.0, 1.0 ] },
                "west": { "texture": "#2", "uv": [ 0.0, 0.0, 2.0, 1.0 ] },
                "up": { "texture": "#2", "uv": [ 0.0, 9.0, 14.0, 11.0 ] },
                "down": { "texture": "#2", "uv": [ 0.0, 4.0, 14.0, 6.0 ] }
            }
        }
    ]
}