{
"ambientocclusion": false,
    "textures": {
        "particle": "block/rail_corner",
        "iron_block": "minecraft:block/iron_block",
        "anvil": "minecraft:block/anvil",
        "oak_planks": "minecraft:block/oak_planks"
    },
    "display": {
        "gui": {
            "rotation": [ 30, 45, 0 ],
            "translation": [ 0, 0, 0 ],
            "scale": [ 0.625, 0.625, 0.625 ]
        },
        "ground": {
            "rotation": [ 0, 0, 0 ],
            "translation": [ 0, 3, 0 ],
            "scale": [ 0.25, 0.25, 0.25 ]
        },
        "fixed": {
            "rotation": [ 0, 180, 0 ],
            "translation": [ 0, 0, 0 ],
            "scale": [ 1, 1, 1 ]
        },
        "head": {
            "rotation": [ 0, 180, 0 ],
            "translation": [ 0, 0, 0 ],
            "scale": [ 1, 1, 1 ]
        },
        "firstperson_righthand": {
            "rotation": [ 0, 315, 0 ],
            "translation": [ 0, 2.5, 0 ],
            "scale": [ 0.4, 0.4, 0.4 ]
        },
        "thirdperson_righthand": {
            "rotation": [ 75, 315, 0 ],
            "translation": [ 0, 2.5, 0 ],
            "scale": [ 0.375, 0.375, 0.375 ]
        }
    },
    "elements": [
        {
            "name": "Element",
            "from": [ 12, 1, 14 ], 
            "to": [ 13, 1.7, 16 ], 
            "faces": {
                "north": { "texture": "#anvil", "uv": [ 0, 0, 1, 0.7 ] },
                "east": { "texture": "#anvil", "uv": [ 0, 0, 2, 0.7 ] },
                "south": { "texture": "#anvil", "uv": [ 0, 0, 1, 0.7 ] },
                "west": { "texture": "#anvil", "uv": [ 0, 0, 2, 0.7 ] },
                "up": { "texture": "#anvil", "uv": [ 0, 0, 1, 2 ] },
                "down": { "texture": "#anvil", "uv": [ 0, 0, 1, 2 ] }
            }
        },
        {
            "name": "Element",
            "from": [ 14, 1, 12 ], 
            "to": [ 16, 1.7, 13 ], 
            "faces": {
                "north": { "texture": "#anvil", "uv": [ 0, 0, 2, 0.7 ] },
                "east": { "texture": "#anvil", "uv": [ 0, 0, 1, 0.7 ] },
                "south": { "texture": "#anvil", "uv": [ 0, 0, 2, 0.7 ] },
                "west": { "texture": "#anvil", "uv": [ 0, 0, 1, 0.7 ] },
                "up": { "texture": "#anvil", "uv": [ 0, 0, 2, 1 ] },
                "down": { "texture": "#anvil", "uv": [ 0, 0, 2, 1 ] }
            }
        },
        {
            "name": "Element",
            "from": [ 13, 1, 13 ], 
            "to": [ 14, 1.7, 14 ], 
            "faces": {
                "north": { "texture": "#anvil", "uv": [ 0, 0, 1, 0.7 ] },
                "east": { "texture": "#anvil", "uv": [ 0, 0, 1, 0.7 ] },
                "south": { "texture": "#anvil", "uv": [ 0, 0, 1, 0.7 ] },
                "west": { "texture": "#anvil", "uv": [ 0, 0, 1, 0.7 ] },
                "up": { "texture": "#anvil", "uv": [ 0, 0, 1, 1 ] },
                "down": { "texture": "#anvil", "uv": [ 0, 0, 1, 1 ] }
            }
        },
        {
            "name": "Element",
            "from": [ 14, 1, 13 ], 
            "to": [ 16, 2, 14 ], 
            "faces": {
                "north": { "texture": "#iron_block", "uv": [ 0, 0, 2, 1 ] },
                "east": { "texture": "#iron_block", "uv": [ 0, 0, 1, 1 ] },
                "south": { "texture": "#iron_block", "uv": [ 0, 0, 2, 1 ] },
                "west": { "texture": "#iron_block", "uv": [ 0, 0, 1, 1 ] },
                "up": { "texture": "#iron_block", "uv": [ 0, 0, 2, 1 ] },
                "down": { "texture": "#iron_block", "uv": [ 0, 0, 2, 1 ] }
            }
        },
        {
            "name": "Element",
            "from": [ 13, 1, 14 ], 
            "to": [ 14, 2, 16 ], 
            "faces": {
                "north": { "texture": "#iron_block", "uv": [ 0, 0, 1, 1 ] },
                "east": { "texture": "#iron_block", "uv": [ 0, 0, 2, 1 ] },
                "south": { "texture": "#iron_block", "uv": [ 0, 0, 1, 1 ] },
                "west": { "texture": "#iron_block", "uv": [ 0, 0, 2, 1 ] },
                "up": { "texture": "#iron_block", "uv": [ 0, 0, 1, 2 ] },
                "down": { "texture": "#iron_block", "uv": [ 0, 0, 1, 2 ] }
            }
        },
        {
            "name": "Element",
            "from": [ 12, 1, 2 ], 
            "to": [ 16, 2, 3 ], 
            "faces": {
                "north": { "texture": "#iron_block", "uv": [ 0, 0, 4, 1 ] },
                "east": { "texture": "#iron_block", "uv": [ 0, 0, 1, 1 ] },
                "south": { "texture": "#iron_block", "uv": [ 0, 0, 4, 1 ] },
                "west": { "texture": "#iron_block", "uv": [ 0, 0, 1, 1 ] },
                "up": { "texture": "#iron_block", "uv": [ 0, 0, 4, 1 ] },
                "down": { "texture": "#iron_block", "uv": [ 0, 0, 4, 1 ] }
            }
        },
        {
            "name": "Element",
            "from": [ 12, 1, 3 ], 
            "to": [ 16, 1.7, 4 ], 
            "faces": {
                "north": { "texture": "#anvil", "uv": [ 0, 0, 4, 0.7 ] },
                "east": { "texture": "#anvil", "uv": [ 0, 0, 1, 0.7 ] },
                "south": { "texture": "#anvil", "uv": [ 0, 0, 4, 0.7 ] },
                "west": { "texture": "#anvil", "uv": [ 0, 0, 1, 0.7 ] },
                "up": { "texture": "#anvil", "uv": [ 0, 0, 4, 1 ] },
                "down": { "texture": "#anvil", "uv": [ 0, 0, 4, 1 ] }
            }
        },
        {
            "name": "Element",
            "from": [ 10, 1, 3 ], 
            "to": [ 12, 2, 4 ], 
            "faces": {
                "north": { "texture": "#iron_block", "uv": [ 0, 0, 2, 1 ] },
                "east": { "texture": "#iron_block", "uv": [ 0, 0, 1, 1 ] },
                "south": { "texture": "#iron_block", "uv": [ 0, 0, 2, 1 ] },
                "west": { "texture": "#iron_block", "uv": [ 0, 0, 1, 1 ] },
                "up": { "texture": "#iron_block", "uv": [ 0, 0, 2, 1 ] },
                "down": { "texture": "#iron_block", "uv": [ 0, 0, 2, 1 ] }
            }
        },
        {
            "name": "Element",
            "from": [ 10, 1, 4 ], 
            "to": [ 12, 1.7, 5 ], 
            "faces": {
                "north": { "texture": "#anvil", "uv": [ 0, 0, 2, 0.7 ] },
                "east": { "texture": "#anvil", "uv": [ 0, 0, 1, 0.7 ] },
                "south": { "texture": "#anvil", "uv": [ 0, 0, 2, 0.7 ] },
                "west": { "texture": "#anvil", "uv": [ 0, 0, 1, 0.7 ] },
                "up": { "texture": "#anvil", "uv": [ 0, 0, 2, 1 ] },
                "down": { "texture": "#anvil", "uv": [ 0, 0, 2, 1 ] }
            }
        },
        {
            "name": "Element",
            "from": [ 8, 1, 4 ], 
            "to": [ 10, 2, 5 ], 
            "faces": {
                "north": { "texture": "#iron_block", "uv": [ 0, 0, 2, 1 ] },
                "east": { "texture": "#iron_block", "uv": [ 0, 0, 1, 1 ] },
                "south": { "texture": "#iron_block", "uv": [ 0, 0, 2, 1 ] },
                "west": { "texture": "#iron_block", "uv": [ 0, 0, 1, 1 ] },
                "up": { "texture": "#iron_block", "uv": [ 0, 0, 2, 1 ] },
                "down": { "texture": "#iron_block", "uv": [ 0, 0, 2, 1 ] }
            }
        },
        {
            "name": "Element",
            "from": [ 8, 1, 5 ], 
            "to": [ 10, 1.7, 6 ], 
            "faces": {
                "north": { "texture": "#anvil", "uv": [ 0, 0, 2, 0.7 ] },
                "east": { "texture": "#anvil", "uv": [ 0, 0, 1, 0.7 ] },
                "south": { "texture": "#anvil", "uv": [ 0, 0, 2, 0.7 ] },
                "west": { "texture": "#anvil", "uv": [ 0, 0, 1, 0.7 ] },
                "up": { "texture": "#anvil", "uv": [ 0, 0, 2, 1 ] },
                "down": { "texture": "#anvil", "uv": [ 0, 0, 2, 1 ] }
            }
        },
        {
            "name": "Element",
            "from": [ 7, 1, 5 ], 
            "to": [ 8, 2, 6 ], 
            "faces": {
                "north": { "texture": "#iron_block", "uv": [ 0, 0, 1, 1 ] },
                "east": { "texture": "#iron_block", "uv": [ 0, 0, 1, 1 ] },
                "south": { "texture": "#iron_block", "uv": [ 0, 0, 1, 1 ] },
                "west": { "texture": "#iron_block", "uv": [ 0, 0, 1, 1 ] },
                "up": { "texture": "#iron_block", "uv": [ 0, 0, 1, 1 ] },
                "down": { "texture": "#iron_block", "uv": [ 0, 0, 1, 1 ] }
            }
        },
        {
            "name": "Element",
            "from": [ 6, 1, 6 ], 
            "to": [ 7, 2, 7 ], 
            "faces": {
                "north": { "texture": "#iron_block", "uv": [ 0, 0, 1, 1 ] },
                "east": { "texture": "#iron_block", "uv": [ 0, 0, 1, 1 ] },
                "south": { "texture": "#iron_block", "uv": [ 0, 0, 1, 1 ] },
                "west": { "texture": "#iron_block", "uv": [ 0, 0, 1, 1 ] },
                "up": { "texture": "#iron_block", "uv": [ 0, 0, 1, 1 ] },
                "down": { "texture": "#iron_block", "uv": [ 0, 0, 1, 1 ] }
            }
        },
        {
            "name": "Element",
            "from": [ 5, 1, 7 ], 
            "to": [ 6, 2, 8 ], 
            "faces": {
                "north": { "texture": "#iron_block", "uv": [ 0, 0, 1, 1 ] },
                "east": { "texture": "#iron_block", "uv": [ 0, 0, 1, 1 ] },
                "south": { "texture": "#iron_block", "uv": [ 0, 0, 1, 1 ] },
                "west": { "texture": "#iron_block", "uv": [ 0, 0, 1, 1 ] },
                "up": { "texture": "#iron_block", "uv": [ 0, 0, 1, 1 ] },
                "down": { "texture": "#iron_block", "uv": [ 0, 0, 1, 1 ] }
            }
        },
        {
            "name": "Element",
            "from": [ 7, 1, 6 ], 
            "to": [ 8, 1.7, 7 ], 
            "faces": {
                "north": { "texture": "#anvil", "uv": [ 0, 0, 1, 0.7 ] },
                "east": { "texture": "#anvil", "uv": [ 0, 0, 1, 0.7 ] },
                "south": { "texture": "#anvil", "uv": [ 0, 0, 1, 0.7 ] },
                "west": { "texture": "#anvil", "uv": [ 0, 0, 1, 0.7 ] },
                "up": { "texture": "#anvil", "uv": [ 0, 0, 1, 1 ] },
                "down": { "texture": "#anvil", "uv": [ 0, 0, 1, 1 ] }
            }
        },
        {
            "name": "Element",
            "from": [ 6, 1, 7 ], 
            "to": [ 7, 1.7, 8 ], 
            "faces": {
                "north": { "texture": "#anvil", "uv": [ 0, 0, 1, 0.7 ] },
                "east": { "texture": "#anvil", "uv": [ 0, 0, 1, 0.7 ] },
                "south": { "texture": "#anvil", "uv": [ 0, 0, 1, 0.7 ] },
                "west": { "texture": "#anvil", "uv": [ 0, 0, 1, 0.7 ] },
                "up": { "texture": "#anvil", "uv": [ 0, 0, 1, 1 ] },
                "down": { "texture": "#anvil", "uv": [ 0, 0, 1, 1 ] }
            }
        },
        {
            "name": "Element",
            "from": [ 5, 1, 8 ], 
            "to": [ 6, 1.7, 10 ], 
            "faces": {
                "north": { "texture": "#anvil", "uv": [ 0, 0, 1, 0.7 ] },
                "east": { "texture": "#anvil", "uv": [ 0, 0, 2, 0.7 ] },
                "south": { "texture": "#anvil", "uv": [ 0, 0, 1, 0.7 ] },
                "west": { "texture": "#anvil", "uv": [ 0, 0, 2, 0.7 ] },
                "up": { "texture": "#anvil", "uv": [ 0, 0, 1, 2 ] },
                "down": { "texture": "#anvil", "uv": [ 0, 0, 1, 2 ] }
            }
        },
        {
            "name": "Element",
            "from": [ 4, 1, 8 ], 
            "to": [ 5, 2, 10 ], 
            "faces": {
                "north": { "texture": "#iron_block", "uv": [ 0, 0, 1, 1 ] },
                "east": { "texture": "#iron_block", "uv": [ 0, 0, 2, 1 ] },
                "south": { "texture": "#iron_block", "uv": [ 0, 0, 1, 1 ] },
                "west": { "texture": "#iron_block", "uv": [ 0, 0, 2, 1 ] },
                "up": { "texture": "#iron_block", "uv": [ 0, 0, 1, 2 ] },
                "down": { "texture": "#iron_block", "uv": [ 0, 0, 1, 2 ] }
            }
        },
        {
            "name": "Element",
            "from": [ 4, 1, 10 ], 
            "to": [ 5, 1.7, 12 ], 
            "faces": {
                "north": { "texture": "#anvil", "uv": [ 0, 0, 1, 0.7 ] },
                "east": { "texture": "#anvil", "uv": [ 0, 0, 2, 0.7 ] },
                "south": { "texture": "#anvil", "uv": [ 0, 0, 1, 0.7 ] },
                "west": { "texture": "#anvil", "uv": [ 0, 0, 2, 0.7 ] },
                "up": { "texture": "#anvil", "uv": [ 0, 0, 1, 2 ] },
                "down": { "texture": "#anvil", "uv": [ 0, 0, 1, 2 ] }
            }
        },
        {
            "name": "Element",
            "from": [ 3, 1, 10 ], 
            "to": [ 4, 2, 12 ], 
            "faces": {
                "north": { "texture": "#iron_block", "uv": [ 0, 0, 1, 1 ] },
                "east": { "texture": "#iron_block", "uv": [ 0, 0, 2, 1 ] },
                "south": { "texture": "#iron_block", "uv": [ 0, 0, 1, 1 ] },
                "west": { "texture": "#iron_block", "uv": [ 0, 0, 2, 1 ] },
                "up": { "texture": "#iron_block", "uv": [ 0, 0, 1, 2 ] },
                "down": { "texture": "#iron_block", "uv": [ 0, 0, 1, 2 ] }
            }
        },
        {
            "name": "Element",
            "from": [ 3, 1, 12 ], 
            "to": [ 4, 1.7, 16 ], 
            "faces": {
                "north": { "texture": "#anvil", "uv": [ 0, 0, 1, 0.7 ] },
                "east": { "texture": "#anvil", "uv": [ 0, 0, 4, 0.7 ] },
                "south": { "texture": "#anvil", "uv": [ 0, 0, 1, 0.7 ] },
                "west": { "texture": "#anvil", "uv": [ 0, 0, 4, 0.7 ] },
                "up": { "texture": "#anvil", "uv": [ 0, 0, 1, 4 ] },
                "down": { "texture": "#anvil", "uv": [ 0, 0, 1, 4 ] }
            }
        },
        {
            "name": "Element",
            "from": [ 2, 1, 12 ], 
            "to": [ 3, 2, 16 ], 
            "faces": {
                "north": { "texture": "#iron_block", "uv": [ 0, 0, 1, 1 ] },
                "east": { "texture": "#iron_block", "uv": [ 0, 0, 4, 1 ] },
                "south": { "texture": "#iron_block", "uv": [ 0, 0, 1, 1 ] },
                "west": { "texture": "#iron_block", "uv": [ 0, 0, 4, 1 ] },
                "up": { "texture": "#iron_block", "uv": [ 0, 0, 1, 4 ] },
                "down": { "texture": "#iron_block", "uv": [ 0, 0, 1, 4 ] }
            }
        },
        {
            "name": "Element",
            "from": [ 14.3, 0, 1.6 ], 
            "to": [ 16.2, 1, 13 ], 
            "rotation": { "origin": [ 14.0, 2.0, 13.0 ], "axis": "y", "angle": 22.5 },
            "faces": {
                "north": { "texture": "#oak_planks", "uv": [ 0, 0, 1.9, 1 ] },
                "east": { "texture": "#oak_planks", "uv": [ 0, 0, 11.4, 1 ] },
                "south": { "texture": "#oak_planks", "uv": [ 0, 0, 1.9, 1 ] },
                "west": { "texture": "#oak_planks", "uv": [ 0, 0, 11.4, 1 ] },
                "up": { "texture": "#oak_planks", "uv": [ 4, 0, 15.4, 2 ], "rotation": 90 },
                "down": { "texture": "#oak_planks", "uv": [ 0, 4, 12, 6 ], "rotation": 270 }
            }
        },
        {
            "name": "Element",
            "from": [ 1.6, 0, 14.3 ], 
            "to": [ 13, 1, 16.2 ], 
            "rotation": { "origin": [ 13.0, 2.0, 14.0 ], "axis": "y", "angle": -22.5 },
            "faces": {
                "north": { "texture": "#oak_planks", "uv": [ 0, 0, 11.4, 1 ] },
                "east": { "texture": "#oak_planks", "uv": [ 0, 0, 1.9, 1 ] },
                "south": { "texture": "#oak_planks", "uv": [ 0, 0, 11.4, 1 ] },
                "west": { "texture": "#oak_planks", "uv": [ 0, 0, 1.9, 1 ] },
                "up": { "texture": "#oak_planks", "uv": [ 4, 0, 15.4, 1.9 ] },
                "down": { "texture": "#oak_planks", "uv": [ 0, 4, 12, 6 ] }
            }
        },
        {
            "name": "Element",
            "from": [ 6.2, 0, 4.8 ], 
            "to": [ 19.5, 1, 6.8 ], 
            "rotation": { "origin": [ 6.200000002980232, 0.0, 4.800000011920929 ], "axis": "y", "angle": -45.0 },
            "faces": {
                "north": { "texture": "#oak_planks", "uv": [ 0, 0, 13.3, 1 ] },
                "east": { "texture": "#oak_planks", "uv": [ 0, 0, 2, 1 ] },
                "south": { "texture": "#oak_planks", "uv": [ 0, 0, 13.3, 1 ] },
                "west": { "texture": "#oak_planks", "uv": [ 0, 0, 2, 1 ] },
                "up": { "texture": "#oak_planks", "uv": [ 2, 0, 15.3, 2 ] },
                "down": { "texture": "#oak_planks", "uv": [ 0, 4, 13.3, 6 ] }
            }
        }
    ]
}