{
    "parent": "block/block",
	"__comment": "Model generated using MrCrayfish's Model Creator (http://mrcrayfish.com/modelcreator/)",
    "textures": {
        "particle": "block/redstone_lamp_on",
		"0": "block/redstone_lamp_on"
    },
    "elements": [
        {
            "name": "Base1",
            "from": [ 0.0, 0.0, 0.0 ], 
            "to": [ 16.0, 3.0, 3.0 ], 
            "faces": {
                "north": { "texture": "#0", "uv": [ 0.0, 13.0, 16.0, 16.0 ] },
                "east": { "texture": "#0", "uv": [ 13.0, 13.0, 16.0, 16.0 ] },
                "south": { "texture": "#0", "uv": [ 0.0, 13.0, 16.0, 15.0 ] },
                "west": { "texture": "#0", "uv": [ 0.0, 13.0, 3.0, 16.0 ] },
                "up": { "texture": "#0", "uv": [ 0.0, 1.0, 16.0, 3.0 ] },
                "down": { "texture": "#0", "uv": [ 0.0, 13.0, 16.0, 16.0 ] }
            }
        },
        {
            "name": "Base2",
            "from": [ 0.0, 0.0, 13.0 ], 
            "to": [ 16.0, 3.0, 16.0 ], 
            "faces": {
                "north": { "texture": "#0", "uv": [ 0.0, 13.0, 16.0, 15.0 ] },
                "east": { "texture": "#0", "uv": [ 0.0, 13.0, 3.0, 16.0 ] },
                "south": { "texture": "#0", "uv": [ 0.0, 13.0, 16.0, 16.0 ] },
                "west": { "texture": "#0", "uv": [ 13.0, 13.0, 16.0, 16.0 ] },
                "up": { "texture": "#0", "uv": [ 0.0, 1.0, 16.0, 3.0 ] },
                "down": { "texture": "#0", "uv": [ 0.0, 0.0, 16.0, 3.0 ] }
            }
        },
        {
            "name": "Base3",
            "from": [ 13.0, 0.0, 3.0 ], 
            "to": [ 16.0, 3.0, 13.0 ], 
            "faces": {
                "north": { "texture": "#0", "uv": [ 0.0, 0.0, 3.0, 3.0 ] },
                "east": { "texture": "#0", "uv": [ 3.0, 13.0, 13.0, 16.0 ] },
                "south": { "texture": "#0", "uv": [ 0.0, 0.0, 3.0, 3.0 ] },
                "west": { "texture": "#0", "uv": [ 3.0, 13.0, 13.0, 15.0 ] },
                "up": { "texture": "#0", "uv": [ 13.0, 3.0, 15.0, 13.0 ] },
                "down": { "texture": "#0", "uv": [ 13.0, 3.0, 16.0, 13.0 ] }
            }
        },
        {
            "name": "Base4",
            "from": [ 0.0, 0.0, 3.0 ], 
            "to": [ 3.0, 3.0, 13.0 ], 
            "faces": {
                "north": { "texture": "#0", "uv": [ 0.0, 0.0, 3.0, 3.0 ] },
                "east": { "texture": "#0", "uv": [ 3.0, 13.0, 13.0, 15.0 ] },
                "south": { "texture": "#0", "uv": [ 0.0, 0.0, 3.0, 3.0 ] },
                "west": { "texture": "#0", "uv": [ 3.0, 13.0, 13.0, 16.0 ] },
                "up": { "texture": "#0", "uv": [ 13.0, 3.0, 15.0, 13.0 ] },
                "down": { "texture": "#0", "uv": [ 0.0, 3.0, 3.0, 13.0 ] }
            }
        },
        {
            "name": "Pilier1",
            "from": [ 0.0, 3.0, 0.0 ], 
            "to": [ 3.0, 13.0, 3.0 ], 
            "faces": {
                "north": { "texture": "#0", "uv": [ 13.0, 3.0, 16.0, 13.0 ] },
                "east": { "texture": "#0", "uv": [ 13.0, 3.0, 15.0, 13.0 ] },
                "south": { "texture": "#0", "uv": [ 1.0, 3.0, 3.0, 13.0 ] },
                "west": { "texture": "#0", "uv": [ 0.0, 3.0, 3.0, 13.0 ] },
                "up": { "texture": "#0", "uv": [ 0.0, 0.0, 3.0, 3.0 ] },
                "down": { "texture": "#0", "uv": [ 0.0, 0.0, 3.0, 3.0 ] }
            }
        },
        {
            "name": "Pilier2",
            "from": [ 0.0, 3.0, 13.0 ], 
            "to": [ 3.0, 13.0, 16.0 ], 
            "faces": {
                "north": { "texture": "#0", "uv": [ 13.0, 3.0, 15.0, 13.0 ] },
                "east": { "texture": "#0", "uv": [ 13.0, 3.0, 15.0, 13.0 ] },
                "south": { "texture": "#0", "uv": [ 0.0, 3.0, 3.0, 13.0 ] },
                "west": { "texture": "#0", "uv": [ 13.0, 3.0, 16.0, 13.0 ] },
                "up": { "texture": "#0", "uv": [ 0.0, 0.0, 3.0, 3.0 ] },
                "down": { "texture": "#0", "uv": [ 0.0, 0.0, 3.0, 3.0 ] }
            }
        },
        {
            "name": "Pilier3",
            "from": [ 13.0, 3.0, 13.0 ], 
            "to": [ 16.0, 13.0, 16.0 ], 
            "faces": {
                "north": { "texture": "#0", "uv": [ 13.0, 3.0, 15.0, 13.0 ] },
                "east": { "texture": "#0", "uv": [ 0.0, 3.0, 3.0, 13.0 ] },
                "south": { "texture": "#0", "uv": [ 13.0, 3.0, 16.0, 13.0 ] },
                "west": { "texture": "#0", "uv": [ 13.0, 3.0, 15.0, 13.0 ] },
                "up": { "texture": "#0", "uv": [ 0.0, 0.0, 3.0, 3.0 ] },
                "down": { "texture": "#0", "uv": [ 0.0, 0.0, 3.0, 3.0 ] }
            }
        },
        {
            "name": "Pilier4",
            "from": [ 13.0, 3.0, 0.0 ], 
            "to": [ 16.0, 13.0, 3.0 ], 
            "faces": {
                "north": { "texture": "#0", "uv": [ 0.0, 3.0, 3.0, 13.0 ] },
                "east": { "texture": "#0", "uv": [ 13.0, 3.0, 16.0, 13.0 ] },
                "south": { "texture": "#0", "uv": [ 13.0, 3.0, 15.0, 13.0 ] },
                "west": { "texture": "#0", "uv": [ 13.0, 3.0, 15.0, 13.0 ] },
                "up": { "texture": "#0", "uv": [ 0.0, 0.0, 3.0, 3.0 ] },
                "down": { "texture": "#0", "uv": [ 0.0, 0.0, 3.0, 3.0 ] }
            }
        },
        {
            "name": "Haut1",
            "from": [ 0.0, 13.0, 0.0 ], 
            "to": [ 16.0, 16.0, 3.0 ], 
            "faces": {
                "north": { "texture": "#0", "uv": [ 0.0, 0.0, 16.0, 3.0 ] },
                "east": { "texture": "#0", "uv": [ 13.0, 0.0, 16.0, 3.0 ] },
                "south": { "texture": "#0", "uv": [ 0.0, 13.0, 16.0, 15.0 ] },
                "west": { "texture": "#0", "uv": [ 0.0, 0.0, 3.0, 3.0 ] },
                "up": { "texture": "#0", "uv": [ 0.0, 0.0, 16.0, 3.0 ] },
                "down": { "texture": "#0", "uv": [ 0.0, 13.0, 16.0, 15.0 ] }
            }
        },
        {
            "name": "Haut2",
            "from": [ 0.0, 13.0, 13.0 ], 
            "to": [ 16.0, 16.0, 16.0 ], 
            "faces": {
                "north": { "texture": "#0", "uv": [ 0.0, 1.0, 16.0, 3.0 ] },
                "east": { "texture": "#0", "uv": [ 0.0, 0.0, 3.0, 3.0 ] },
                "south": { "texture": "#0", "uv": [ 0.0, 0.0, 16.0, 3.0 ] },
                "west": { "texture": "#0", "uv": [ 13.0, 0.0, 16.0, 3.0 ] },
                "up": { "texture": "#0", "uv": [ 0.0, 13.0, 16.0, 16.0 ] },
                "down": { "texture": "#0", "uv": [ 0.0, 13.0, 16.0, 15.0 ] }
            }
        },
        {
            "name": "Haut3",
            "from": [ 13.0, 13.0, 3.0 ], 
            "to": [ 16.0, 16.0, 13.0 ], 
            "faces": {
                "north": { "texture": "#0", "uv": [ 0.0, 0.0, 3.0, 3.0 ] },
                "east": { "texture": "#0", "uv": [ 3.0, 0.0, 13.0, 3.0 ] },
                "south": { "texture": "#0", "uv": [ 0.0, 0.0, 3.0, 3.0 ] },
                "west": { "texture": "#0", "uv": [ 3.0, 13.0, 13.0, 15.0 ] },
                "up": { "texture": "#0", "uv": [ 13.0, 3.0, 16.0, 13.0 ] },
                "down": { "texture": "#0", "uv": [ 13.0, 3.0, 15.0, 13.0 ] }
            }
        },
        {
            "name": "Haut4",
            "from": [ 0.0, 13.0, 3.0 ], 
            "to": [ 3.0, 16.0, 13.0 ], 
            "faces": {
                "north": { "texture": "#0", "uv": [ 0.0, 0.0, 3.0, 3.0 ] },
                "east": { "texture": "#0", "uv": [ 3.0, 1.0, 13.0, 3.0 ] },
                "south": { "texture": "#0", "uv": [ 0.0, 0.0, 3.0, 3.0 ] },
                "west": { "texture": "#0", "uv": [ 3.0, 0.0, 13.0, 3.0 ] },
                "up": { "texture": "#0", "uv": [ 0.0, 3.0, 3.0, 13.0 ] },
                "down": { "texture": "#0", "uv": [ 13.0, 3.0, 15.0, 13.0 ] }
            }
        },
        {
            "name": "Lampe",
            "from": [ 1.0, 1.0, 1.0 ], 
            "to": [ 15.0, 15.0, 15.0 ], 
            "faces": {
                "north": { "texture": "#0", "uv": [ 1.0, 1.0, 15.0, 15.0 ] },
                "east": { "texture": "#0", "uv": [ 1.0, 1.0, 15.0, 15.0 ] },
                "south": { "texture": "#0", "uv": [ 1.0, 1.0, 15.0, 15.0 ] },
                "west": { "texture": "#0", "uv": [ 1.0, 1.0, 15.0, 15.0 ] },
                "up": { "texture": "#0", "uv": [ 1.0, 1.0, 15.0, 15.0 ] },
                "down": { "texture": "#0", "uv": [ 1.0, 1.0, 15.0, 15.0 ] }
            }
        }
    ]
}