{
"parent": "block/block",
"textures": {
    "particle": "block/spruce_planks",
    "crate": "block/spruce_planks",
    "crate_supports": "block/stripped_spruce_log_top"
},
"elements": [ 
{
    "from": [ 7, 0, 2 ],
    "to": [ 9, 1, 14 ],
    "__comment": "down",
    "faces": {
        "down":  { "uv": [ 7, 14, 9, 2 ], "texture": "#crate_supports" },
        "west":  { "uv": [ 2, 15, 14, 16 ], "texture": "#crate_supports" },
        "east":  { "uv": [ 2, 15, 14, 16 ], "texture": "#crate_supports" }
    }
},
{
    "from": [ 7, 15, 2 ],
    "to": [ 9, 16, 14 ],
    "__comment": "up",
    "faces": {
        "up":    { "uv": [ 7, 2, 9, 14 ], "texture": "#crate_supports" },
        "west":  { "uv": [ 2, 0, 14, 1 ], "texture": "#crate_supports" },
        "east":  { "uv": [ 2, 0, 14, 1 ], "texture": "#crate_supports" }
    }
},
{
    "from": [ 15, 2, 7 ],
    "to": [ 16, 14, 9 ],
    "__comment": "east",
    "faces": {
        "north": { "uv": [ 0, 2, 1, 14 ], "texture": "#crate_supports" },
        "south": { "uv": [ 15, 2, 16, 14 ], "texture": "#crate_supports" },
        "east":  { "uv": [ 7, 2, 9, 14 ], "texture": "#crate_supports" }
    }
},
{
    "from": [ 0, 2, 7 ],
    "to": [ 1, 14, 9 ],
    "__comment": "west",
    "faces": {
        "north": { "uv": [ 15, 2, 16, 14 ], "texture": "#crate_supports" },
        "south": { "uv": [ 0, 2, 1, 14 ], "texture": "#crate_supports" },
        "west":  { "uv": [ 7, 2, 9, 14 ], "texture": "#crate_supports" }
    }
},
{
    "from": [ 7, 2, 15 ],
    "to": [ 9, 14, 16 ],
    "__comment": "south",
    "faces": {
        "south": { "uv": [ 7, 2, 9, 14 ], "texture": "#crate_supports" },
        "west":  { "uv": [ 15, 2, 16, 14 ], "texture": "#crate_supports" },
        "east":  { "uv": [ 0, 2, 1, 14 ], "texture": "#crate_supports" }
    }
},
{
    "from": [ 7, 2, 0 ],
    "to": [ 9, 14, 1 ],
    "__comment": "north",
    "faces": {
        "north": { "uv": [ 7, 2, 9, 14 ], "texture": "#crate_supports" },
        "west":  { "uv": [ 0, 2, 1, 14 ], "texture": "#crate_supports" },
        "east":  { "uv": [ 15, 2, 16, 14 ], "texture": "#crate_supports" }
    }
},
{
    "from": [ 14, 2, 14 ],
    "to": [ 16, 14, 16 ],
    "__comment": "south_east",
    "faces": {
        "north": { "uv": [ 0, 2, 2, 14 ], "texture": "#crate_supports" },
        "south": { "uv": [ 14, 2, 16, 14 ], "texture": "#crate_supports" },
        "west":  { "uv": [ 14, 2, 16, 14 ], "texture": "#crate_supports" },
        "east":  { "uv": [ 0, 2, 2, 14 ], "texture": "#crate_supports" }
    }
},
{
    "from": [ 0, 2, 14 ],
    "to": [ 2, 14, 16 ],
    "__comment": "south_west",
    "faces": {
        "north": { "uv": [ 14, 2, 16, 14 ], "texture": "#crate_supports" },
        "south": { "uv": [ 0, 2, 2, 14 ], "texture": "#crate_supports" },
        "west":  { "uv": [ 14, 2, 16, 14 ], "texture": "#crate_supports" },
        "east":  { "uv": [ 0, 2, 2, 14 ], "texture": "#crate_supports" }
    }
},
{
    "from": [ 14, 2, 0 ],
    "to": [ 16, 14, 2 ],
    "__comment": "north_east",
    "faces": {
        "north": { "uv": [ 0, 2, 2, 14 ], "texture": "#crate_supports" },
        "south": { "uv": [ 14, 2, 16, 14 ], "texture": "#crate_supports" },
        "west":  { "uv": [ 0, 2, 2, 14 ], "texture": "#crate_supports" },
        "east":  { "uv": [ 14, 2, 16, 14 ], "texture": "#crate_supports" }
    }
},
{
    "from": [ 0, 2, 0 ],
    "to": [ 2, 14, 2 ],
    "__comment": "north_west",
    "faces": {
        "north": { "uv": [ 14, 2, 16, 14 ], "texture": "#crate_supports" },
        "south": { "uv": [ 0, 2, 2, 14 ], "texture": "#crate_supports" },
        "west":  { "uv": [ 0, 2, 2, 14 ], "texture": "#crate_supports" },
        "east":  { "uv": [ 14, 2, 16, 14 ], "texture": "#crate_supports" }
    }
},
{
    "from": [ 0, 0, 2 ],
    "to": [ 2, 2, 14 ],
    "__comment": "bottom_east",
    "faces": {
        "down":  { "uv": [ 0, 14, 2, 2 ], "texture": "#crate_supports" },
        "up":    { "uv": [ 0, 2, 2, 14 ], "texture": "#crate_supports" },
        "west":  { "uv": [ 2, 14, 14, 16 ], "texture": "#crate_supports" },
        "east":  { "uv": [ 2, 14, 14, 16 ], "texture": "#crate_supports" }
    }
},
{
    "from": [ 14, 0, 2 ],
    "to": [ 16, 2, 14 ],
    "__comment": "bottom_west",
    "faces": {
        "down":  { "uv": [ 14, 14, 16, 2 ], "texture": "#crate_supports" },
        "up":    { "uv": [ 14, 2, 16, 14 ], "texture": "#crate_supports" },
        "west":  { "uv": [ 2, 14, 14, 16 ], "texture": "#crate_supports" },
        "east":  { "uv": [ 2, 14, 14, 16 ], "texture": "#crate_supports" }
    }
},
{
    "from": [ 0, 0, 14 ],
    "to": [ 16, 2, 16 ],
    "__comment": "bottom_south",
    "faces": {
        "down":  { "uv": [ 0, 16, 16, 14 ], "texture": "#crate_supports" },
        "up":    { "uv": [ 0, 14, 16, 16 ], "texture": "#crate_supports" },
        "north": { "uv": [ 0, 14, 16, 16 ], "texture": "#crate_supports" },
        "south": { "uv": [ 0, 14, 16, 16 ], "texture": "#crate_supports" },
        "west":  { "uv": [ 14, 14, 16, 16 ], "texture": "#crate_supports" },
        "east":  { "uv": [ 0, 14, 2, 16 ], "texture": "#crate_supports" }
    }
},
{
    "from": [ 0, 0, 0 ],
    "to": [ 16, 2, 2 ],
    "__comment": "bottom_north",
    "faces": {
        "down":  { "uv": [ 0, 2, 16, 0 ], "texture": "#crate_supports" },
        "up":    { "uv": [ 0, 0, 16, 2 ], "texture": "#crate_supports" },
        "north": { "uv": [ 0, 14, 16, 16 ], "texture": "#crate_supports" },
        "south": { "uv": [ 0, 14, 16, 16 ], "texture": "#crate_supports" },
        "west":  { "uv": [ 0, 14, 2, 16 ], "texture": "#crate_supports" },
        "east":  { "uv": [ 14, 14, 16, 16 ], "texture": "#crate_supports" }
    }
},
{
    "from": [ 14, 14, 2 ],
    "to": [ 16, 16, 14 ],
    "__comment": "lid_east",
    "faces": {
        "down":  { "uv": [ 14, 14, 16, 2 ], "texture": "#crate_supports" },
        "up":    { "uv": [ 14, 2, 16, 14 ], "texture": "#crate_supports" },
        "west":  { "uv": [ 2, 0, 14, 2 ], "texture": "#crate_supports" },
        "east":  { "uv": [ 2, 0, 14, 2 ], "texture": "#crate_supports" }
    }
},
{
    "from": [ 0, 14, 2 ],
    "to": [ 2, 16, 14 ],
    "__comment": "lid_west",
    "faces": {
        "down":  { "uv": [ 0, 14, 2, 2 ], "texture": "#crate_supports" },
        "up":    { "uv": [ 0, 2, 2, 14 ], "texture": "#crate_supports" },
        "west":  { "uv": [ 2, 0, 14, 2 ], "texture": "#crate_supports" },
        "east":  { "uv": [ 2, 0, 14, 2 ], "texture": "#crate_supports" }
    }
},
{
    "from": [ 0, 14, 14 ],
    "to": [ 16, 16, 16 ],
    "__comment": "lid_south",
    "faces": {
        "down":  { "uv": [ 0, 16, 16, 14 ], "texture": "#crate_supports" },
        "up":    { "uv": [ 0, 14, 16, 16 ], "texture": "#crate_supports" },
        "north": { "uv": [ 0, 0, 16, 2 ], "texture": "#crate_supports" },
        "south": { "uv": [ 0, 0, 16, 2 ], "texture": "#crate_supports" },
        "west":  { "uv": [ 14, 0, 16, 2 ], "texture": "#crate_supports" },
        "east":  { "uv": [ 0, 0, 2, 2 ], "texture": "#crate_supports" }
    }
},
{
    "from": [ 0, 14, 0 ],
    "to": [ 16, 16, 2 ],
    "__comment": "lid_north",
    "faces": {
        "down":  { "uv": [ 0, 2, 16, 0 ], "texture": "#crate_supports" },
        "up":    { "uv": [ 0, 0, 16, 2 ], "texture": "#crate_supports" },
        "north": { "uv": [ 0, 0, 16, 2 ], "texture": "#crate_supports" },
        "south": { "uv": [ 0, 0, 16, 2 ], "texture": "#crate_supports" },
        "west":  { "uv": [ 0, 0, 2, 2 ], "texture": "#crate_supports" },
        "east":  { "uv": [ 14, 0, 16, 2 ], "texture": "#crate_supports" }
    }
},
{
    "from": [ 2, 14, 2 ],
    "to": [ 14, 15, 14 ],
    "__comment": "lid",
    "faces": {
        "down":  { "uv": [ 2, 14, 14, 2 ], "texture": "#crate" },
        "up":    { "uv": [ 2, 2, 14, 14 ], "texture": "#crate" }
    }
},
{
    "from": [ 2, 1, 2 ],
    "to": [ 14, 2, 14 ],
    "__comment": "body_down",
    "faces": {
        "down":  { "uv": [ 2, 14, 14, 2 ], "texture": "#crate" },
        "up":    { "uv": [ 2, 2, 14, 14 ], "texture": "#crate" }
    }
},
{
    "from": [ 14, 2, 2 ],
    "to": [ 15, 14, 14 ],
    "__comment": "body_east",
    "faces": {
        "west":  { "uv": [ 2, 2, 14, 14 ], "texture": "#crate" },
        "east":  { "uv": [ 2, 2, 14, 14 ], "texture": "#crate" }
    }
},
{
    "from": [ 1, 2, 2 ],
    "to": [ 2, 14, 14 ],
    "__comment": "body_west",
    "faces": {
        "west":  { "uv": [ 2, 2, 14, 14 ], "texture": "#crate" },
        "east":  { "uv": [ 2, 2, 14, 14 ], "texture": "#crate" }
    }
},
{
    "from": [ 2, 2, 14 ],
    "to": [ 14, 14, 15 ],
    "__comment": "body_south",
    "faces": {
        "north": { "uv": [ 2, 2, 14, 14 ], "texture": "#crate" },
        "south": { "uv": [ 2, 2, 14, 14 ], "texture": "#crate" }
    }
},
{
    "from": [ 2, 2, 1 ],
    "to": [ 14, 14, 2 ],
    "__comment": "body_north",
    "faces": {
        "north": { "uv": [ 2, 2, 14, 14 ], "texture": "#crate" },
        "south": { "uv": [ 2, 2, 14, 14 ], "texture": "#crate" }
    }
}
]
}